date,location,sq_ft,description,value,savings,agency
1/30/2025,"SAN DIEGO, CA",9563,True Termination- Vacant Space Buyout,348817,4742953,BU ALC TOB FRMS XPL
2/25/2025,"HYATTSVILLE, MD",76372,True Termination- Move to Federal Space,2568071,4390347,DEPT OF TREASURY-BUREAU OF THE FISCAL SERVICE
4/3/2025,"FAIRFIELD, CA",19413,Termination via Mass Mod,631187,3155933,USA WASH DC
3/4/2025,"NEW YORK, NY",10728,Termination via Mass Mod,623895,1871686,DOE FERC
2/24/2025,"GREENSBORO, NC",30123,True Termination- Agency Closed Office,731294,1831242,NATURAL RESOURCES CONSERVATION SERVICE
2/25/2025,"CORVALLIS, OR",6849,Termination via Mass Mod,202142,1425515,ID GEOLOGICAL SURVEY
1/30/2025,"WASHINGTON, DC",46821,True Termination- Move to Federal Space,2097020,1419079,AID
1/27/2025,"ATLANTA, GA",119812,True Termination- Agency Direct Lease,2490197,1241687,CENTER FOR DISEASE CONTROL
3/4/2025,"MILWAUKEE, WI",17556,Termination via Mass Mod,408876,1227749,OFFICE OF THE SECRETARY
2/28/2025,"HOMESTEAD, FL",21356,Termination via Mass Mod,545466,1226926,NATIONAL PARK SERVICE
2/2/2025,"TOPEKA, KS",5560,True Termination- Agency Closed Office,121818,974547,USDA RMA
2/28/2025,"BOISE, ID",5890,Termination via Mass Mod,122218,962672,OFFICE OF THE SOLICITOR
2/28/2025,"BAKER CITY, OR",7030,Termination via Mass Mod,204936,823673,BUREAU OF LAND MANAGEMENT
2/26/2025,"MOUNT PLEASANT, PA",12964,Termination via Mass Mod,237785,800001,MINE SAFETY HEALTH ADMINISTRATION
2/25/2025,"SAN MATEO, CA",12089,Termination via Mass Mod,429030,755797,INTERNAL REVENUE SERVICE NATIONAL OFFICE
2/7/2025,"HOFFMAN ESTATES, IL",73573,True Termination- Consolidation,1480913,746542,NATIONAL ARCHIVES CENTERS
2/28/2025,"TALLAHASSEE, FL",3802,Termination via Mass Mod,142115,693055,GEOLOGICAL SURVEY
2/28/2025,"BOZEMAN, MT",7853,Termination via Mass Mod,244293,682681,UNITED STATES FISH AND WILDLIFE SERVICE
2/25/2025,"BALTIMORE, MD",9139,Termination via Mass Mod,254174,603751,LD WHD
2/28/2025,"GOLDEN, CO",8219,Termination via Mass Mod,220238,596150,GEOLOGICAL SURVEY
4/28/2025,"FARMINGTON HILLS, MI",18031,Agency Identified Terminations,439314,587357,INTERNAL REVENUE SERVICE NATIONAL OFFICE
4/3/2025,"ISELIN, NJ",5278,Termination via Mass Mod,143572,574683,FED MED & CONCIL SRV
2/25/2025,"DULUTH, GA",8574,Termination via Mass Mod,184341,568679,DOE FERC
2/21/2025,"PORTLAND, OR",5485,Agency indicated they could release this space if replacement space was procured. ,132796,566837,USDA AMS
3/28/2025,"INDEPENDENCE, OH",6609,True Termination- Agency Closed Office,139331,548163,FED MED & CONCIL SRV
2/13/2025,"ATLANTA, GA",7682,True Termination- Agency Closed Office,128233,545957,GSA FORMER PRES
5/22/2025,"BOISE, ID",2898,Agency Identified Terminations,65578,503061,DEFENSE CONTRACT AUDIT AGENCY
2/28/2025,"WEST VALLEY CITY, UT",8482,Termination via Mass Mod,116431,475930,UNITED STATES FISH AND WILDLIFE SERVICE
4/28/2025,"PEWAUKEE, WI",14716,Agency Identified Terminations,265059,463309,INTERNAL REVENUE SERVICE NATIONAL OFFICE
2/25/2025,"PRESTONSBURG, KY",7378,Termination via Mass Mod,143326,454324,LD MINE SAFE HEALTH
2/11/2025,"RANCHO CORDOVA, CA",18414,True Termination- Agency Closed Office,223462,446924,VBA
4/28/2025,"WEST NYACK, NY",5000,Agency Identified Terminations,152848,420436,INTERNAL REVENUE SERVICE NATIONAL OFFICE
2/20/2025,"BOULDER, CO",3830,"Termination details are still being finalized. The lessor and customer have been notified, and the strategy is under development.",85086,399788,ID GEOLOGICAL SURVEY
2/28/2025,"ST. PAUL, MN",4246,Termination via Mass Mod,85439,398872,FEDERAL HIGHWAY ADMINISTRATION
3/4/2025,"SAN JUAN, PR",5918,Termination via Mass Mod,262927,393310,UNITED STATES TRUSTEES
2/26/2025,"MT LAUREL, NJ",7111,Termination via Mass Mod,146415,390706,RURAL HOUSING SERVICE
2/24/2025,"EVERETT, MA",2789,Termination via Mass Mod,122029,387151,USDA AMS
2/25/2025,"MESA, AZ",7500,Termination via Mass Mod,305100,367792,USDA FS
2/6/2025,"MCLEANSVILLE, NC",6913,True Termination- Agency Closed Office,156339,347800,DOD DCAA
2/26/2025,"DENVER, CO",3885,Termination via Mass Mod,161893,344190,CD ITA
2/21/2025,"ST. LOUIS, MO",4237,True Termination- Agency Closed Office,123378,339713,FED MED & CONCIL SRV
2/5/2025,"ALBUQUERQUE, NM",5624,True Termination- Consolidation,67317,336585,DOD JTO
2/26/2025,"TUCSON, AZ",7335,Termination via Mass Mod,288826,328392,BUREAU OF THE CENSUS
2/24/2025,"STAMFORD, CT",1380,Termination via Mass Mod,71191,304465,EPA
2/4/2025,"MADISON, WI",2871,True Termination- Agency Closed Office,58142,290868,ID FISH&WLF SRVC
2/25/2025,"GREENWOOD, MS",7500,Termination via Mass Mod,123000,287449,USDA NRCS
6/12/2025,"BUFFALO, NY",4848,Agency Identified Terminations,142790,285580,DHS OFFC OF THE IG
2/25/2025,"SALEM, OR",2200,Termination via Mass Mod,50786,285097,DOT MOT CAR SFTY ADM
2/6/2025,"MCALLEN, TX",2597,True Termination- Agency Closed Office,79520,284746,ID FISH&WLF SRVC
2/26/2025,"WILMINGTON, DE",2950,Termination via Mass Mod,84288,280575,FEDERAL RAILROAD ADMINISTRATION
2/28/2025,"CHICAGO, IL",4651,Termination via Mass Mod,142746,277279,FEDERAL LABOR RELATIONS AUTHORITY
2/28/2025,"RAPID CITY, SD",1518,Termination via Mass Mod,43938,267482,"FAS, REG 08 FLEET MANAGEMENT FACILITIES"
7/8/2025,"LOS ANGELES, CA",1902,Agency Identified Terminations,86718,256827,JD COMNTY RLTNS SRVC
2/25/2025,"FALMOUTH, ME",2999,Termination via Mass Mod,71369,254583,UNITED STATES FISH AND WILDLIFE SERVICE
2/20/2025,"MELBOURNE, FL",1415,True Termination- Agency Closed Office,59697,251380,SSA
2/28/2025,"CHARLESTON, WV",1692,Termination via Mass Mod,51245,245978,FEDERAL MOTOR CARRIER SAFETY ADMINISTRATION
2/7/2025,"SANTA MARIA, CA",6440,True Termination- Agency Direct Lease,118513,237027,ID GEOLOGICAL SURVEY
3/13/2025,"IDAHO FALLS, ID",1920,Terminating to align with the adminstrations reduction goals,34856,225272,USDA AMS
1/30/2025,"PHOENIX, AZ",2193,True Termination- Vacant Space Buyout,44990,224948,FED MED & CONCIL SRV
2/19/2025,"ROCK ISLAND, IL",10895,Agency moving to Rock Island Leased Courthouse,192352,224499,U.S IMMIGR/CUST/ENFO
2/25/2025,"LOMPOC, CA",5400,Termination via Mass Mod,127062,223142,FAS REG 09 MA. CON C
2/26/2025,"LONGVIEW, TX",2400,Termination via Mass Mod,63624,219112,MINE SAFETY HEALTH ADMINISTRATION
2/24/2025,"AIKEN, SC",2250,True Termination- Agency Closed Office,43133,205027,DOE EERE
4/28/2025,"WHEELING, WV",3418,Agency Identified Terminations,49526,201224,INTERNAL REVENUE SERVICE NATIONAL OFFICE
2/24/2025,"JONESBORO, AR",2340,Agency approved lease termination,64998,197132,SSA
2/28/2025,"SALINA, KS",2203,Termination via Mass Mod,47489,186182,INTERNAL REVENUE SERVICE NATIONAL OFFICE
2/25/2025,"BEAVER DAM, KY",2814,Termination via Mass Mod,65454,172690,LD MINE SAFE HEALTH
2/26/2025,"ATLANTA, GA",3354,Termination via Mass Mod,77081,162820,OFFICE OF THE SECRETARY
2/26/2025,"MONTGOMERY, AL",2662,Termination via Mass Mod,60017,160155,DOT MOT CAR SFTY ADM
2/25/2025,"DOWNINGTOWN, PA",5452,Termination via Mass Mod,125396,156659,GEOLOGICAL SURVEY
5/22/2025,"CAMARILLO, CA",3456,Agency Identified Terminations,136554,155260,DEFENSE CONTRACT AUDIT AGENCY
1/30/2025,"SPRINGFIELD, IL",3860,True Termination- Move to Federal Space,62102,150406,PBS -FIELD OFFICE
2/6/2025,"EL PASO, TX",3409,True Termination- Move to Federal Space,75290,150373,ID GEOLOGICAL SURVEY
2/26/2025,"SPRINGFIELD, IL",2128,Termination via Mass Mod,42315,149087,"EMPLOY. AND TRAIN. ADMIN., BUR. OF APPRENTICESHIP AND T"
2/25/2025,"CINCINNATI, OH",4449,Termination via Mass Mod,103232,146505,LD -OLMS
2/26/2025,"OLYMPIA, WA",2069,Termination via Mass Mod,60270,145639,FEDERAL MOTOR CARRIER SAFETY ADMINISTRATION
2/25/2025,"RIDGELAND, MS",7277,Termination via Mass Mod,144159,144159,FOOD SAFETY AND INSPECTION SERVICE
2/26/2025,"MADISON, WI",2477,Termination via Mass Mod,50544,142769,DOT MOT CAR SFTY ADM
3/4/2025,"INDIANAPOLIS, IN",2409,Termination via Mass Mod,70798,141789,"EMPLOYMENT STANDARDS ADMINISTRATION, WAGE AND HOUR DIVI"
2/21/2025,"COLLIERVILLE, TN",2190,True Termination- Agency Closed Office,40141,139779,FED MED & CONCIL SRV
4/3/2025,"PORTSMOUTH, VA",1730,Termination via Mass Mod,27914,139645,FED MED & CONCIL SRV
2/26/2025,"BOUNTIFUL, UT",2961,Termination via Mass Mod,50160,137974,"CORPS OF ENGINEERS, CIVIL"
4/28/2025,"ELMIRA, NY",3528,Agency Identified Terminations,51469,137203,IRS
2/4/2025,"CARLSBAD, CA",3579,True Termination- Consolidation,116449,134634,SSA
3/11/2025,"BUFFALO, NY",2178,True Termination- Agency Closed Office,39512,128494,FED MED & CONCIL SRV
2/26/2025,"EAST PROVIDENCE, RI",1556,Termination via Mass Mod,38867,126503,FEDERAL MOTOR CARRIER SAFETY ADMINISTRATION
2/26/2025,"PHILADELPHIA, PA",4962,Termination via Mass Mod,147834,125963,BUREAU OF PRISONS
2/24/2025,"GRAND JUNCTION, CO",1444,True Termination- Agency Closed Office,25217,119868,ID FISH&WLF SRVC
2/25/2025,"NOGALES, AZ",2506,Termination via Mass Mod,68994,114738,DOT MOT CAR SFTY ADM
2/26/2025,"LOUISVILLE, KY",2184,Termination via Mass Mod,38489,113568,OFFICE OF THE SECRETARY
3/4/2025,"MADISON, WI",3686,Termination via Mass Mod,104612,104612,SMALL BUSINESS ADMINISTRATION
2/25/2025,"BUFFALO, NY",2168,Termination via Mass Mod,65379,101383,LD OWCP
2/5/2025,"MILWAUKEE, WI",7322,True Termination- Move to Federal Space,186700,99744,DEFENSE CONTRACT MANAGEMENT AGENCY- NATIONAL
2/12/2025,"CHARLOTTE AMALIE, VI",1277,True Termination- Agency Closed Office,67411,99731,EPA
2/25/2025,"RICHMOND, VA",2986,Termination via Mass Mod,45955,91909,USDA APHIS
2/6/2025,"BROWNSVILLE, TX",748,True Termination- Agency Closed Office,18287,91487,General Services Administration
2/21/2025,"PORTSMOUTH, OH",1415,True Termination- Agency Closed Office,36706,89803,SSA
2/26/2025,"ANCHORAGE, AK",4031,Termination via Mass Mod,179985,89746,SMALL BUSINESS ADMINISTRATION
2/26/2025,"KANSAS CITY, MO",1995,Termination via Mass Mod,41260,87380,CD ITA
3/3/2025,"SOMERSET, PA",2361,Termination via Mass Mod,29693,86720,NATIONAL PARK SERVICE
2/25/2025,"CRANE LAKE, MN",2512,Termination via Mass Mod,44794,85784,ID NATL PARK SRV
2/24/2025,"WILMINGTON, NC",4349,True Termination- Agency Closed Office,53011,84963,CORPS ENGR CVL APPND
2/25/2025,"FAIRBANKS, AK",4446,Termination via Mass Mod,144092,83692,USDA NRCS
5/6/2025,"SCHENECTADY, NY",2887,True Termination- Agency Closed Office,67169,81339,DOD DCAA
4/15/2025,"NACOGDOCHES, TX",1717,,43585,79886,SSA
2/12/2025,"FOLSOM, CA",1330,True Termination- Agency Closed Office,39208,78417,DOE FERC
2/21/2025,"CRAIG, CO",4328,"Termination details are still being finalized. The lessor and customer have been notified, and the strategy is under development.",184283,77247,LD MINE SAFE HEALTH
2/25/2025,"WILLIAMSPORT, PA",4839,Termination via Mass Mod,67391,73853,GEOLOGICAL SURVEY
2/26/2025,"DETROIT, MI",856,Termination via Mass Mod,17120,72842,AGRICULTURAL MARKETING SERVICE
2/24/2025,"SUTTON, MA",1273,Termination via Mass Mod,33554,68672,USDA APHIS
2/5/2025,"HOUSTON, TX",555,True Termination- Agency Closed Office,13547,67771,FED MARITIME COMM
2/21/2025,"GADSDEN, AL",1450,True Termination- Agency Closed Office,32357,67462,SOCIAL SECURITY ADMINISTRATION
2/26/2025,"EUREKA, CA",823,Termination via Mass Mod,19793,66483,NATIONAL OCEANIC ATMOSPHERIC ADMINISTRATION
2/4/2025,"NORTH ANDOVER CENTER, MA",5300,True Termination- Consolidation,116190,65258,JD DRUG ENF
2/25/2025,"MARTINSBURG, WV",2230,Termination via Mass Mod,62811,65220,ID NATL PARK SRV
2/25/2025,"GLADSTONE, MO",1378,Termination via Mass Mod,28600,64330,USDA APHIS
2/5/2025,"AUBURN, CA",1228,True Termination- Agency Closed Office,31400,62800,USAF DEPT
2/18/2025,"ROCKFORD, IL",1743,True Termination- Agency Closed Office,36768,62355,SSA
2/24/2025,"SPRINGFIELD, MA",894,Termination via Mass Mod,20562,61742,SBA
8/8/2025,"RUTLAND, VT",2040,True Termination- Agency Closed Office,63709,61091,INTERNAL REVENUE SERVICE NATIONAL OFFICE
2/6/2025,"BROKEN BOW, OK",2325,True Termination- Agency Closed Office,30612,60050,ID FISH&WLF SRVC
2/6/2025,"FAIRFIELD, OH",124569,True Termination- Agency Closed Office,478213,58958,NATIONAL ARCHIVES CENTERS
2/24/2025,"UVALDE, TX",920,Termination via Mass Mod,20070,58615,USDA APHIS
2/25/2025,"UTUADO, PR",5750,Termination via Mass Mod,155653,57570,USDA FSA - COUNTY
2/26/2025,"PENSACOLA, FL",690,Termination via Mass Mod,18036,56629,"EMPLOYMENT STANDARDS ADMINISTRATION, WAGE AND HOUR DIVI"
2/26/2025,"RICHLAND, WA",979,Termination via Mass Mod,19539,55085,LD OWCP
8/28/2025,"HAINES CITY, FL",5139,Termination via Mass Mod,102913,54417,USDA APHIS
2/28/2025,"CINCINNATI, OH",1428,Termination via Mass Mod,32159,53568,RAILROAD RETIREMENT BOARD
2/26/2025,"CHEYENNE, WY",2311,Termination via Mass Mod,45187,53357,FEDERAL MOTOR CARRIER SAFETY ADMINISTRATION
2/26/2025,"MOUNT SHASTA, CA",536,Termination via Mass Mod,12000,52997,FOREST SERVICE
2/25/2025,"JEFFERSON CITY, MO",5343,Termination via Mass Mod,61913,51396,INTERNAL REVENUE SERVICE NATIONAL OFFICE
2/27/2025,"WAUSAU, WI",1851,True Termination- Agency Closed Office,34211,51082,SOCIAL SECURITY ADMINISTRATION
2/26/2025,"LISLE, IL",1520,Termination via Mass Mod,41586,48649,FAS REG5 FLT MGT FAC
2/26/2025,"MARTINSBURG, WV",525,Termination via Mass Mod,12066,48295,"EMPLOY. AND TRAIN. ADMIN., BUR. OF APPRENTICESHIP AND T"
2/24/2025,"STATE COLLEGE, PA",443,Termination via Mass Mod,12232,45912,LD WHD
3/12/2025,"MINOT, ND",833,Soft Term Terminations via PBS Commissioner Letter 2.25.25,18441,44560,ID FISH&WLF SRVC
3/3/2025,"POTSDAM, NY",1748,Termination via Mass Mod,12943,41630,GEOLOGICAL SURVEY
2/25/2025,"SPRINGFIELD, IL",2022,Termination via Mass Mod,34756,41231,SBA
3/7/2025,"GREAT FALLS, MT",3310,Soft Term Terminations via PBS Commissioner Letter 2.25.25,21514,39374,UNITED STATES TRUSTEES
2/25/2025,"DURANGO, CO",1245,Termination via Mass Mod,35074,39206,CORPS ENGR CVL APPND
2/28/2025,"NORTH CHARLESTON, SC",465,Termination via Mass Mod,13725,38920,SMALL BUSINESS ADMINISTRATION
2/26/2025,"SPRINGFIELD, MA",599,Termination via Mass Mod,10118,38808,LD WHD
2/25/2025,"SOUTH ST PAUL, MN",2489,Termination via Mass Mod,48727,35644,USDA APHIS
2/24/2025,"ABILENE, TX",1342,Agency approved of termination,26261,35038,SSA
2/26/2025,"CINCINNATI, OH",2247,Termination via Mass Mod,50049,33320,SMALL BUSINESS ADMINISTRATION
2/24/2025,"TEXARKANA, AR",1436,Agency approved lease termination,25643,33090,SSA
2/27/2025,"MANSFIELD, OH",1047,True Termination- Agency Closed Office,15188,27963,SSA
2/21/2025,"HERNDON, VA",4539,True Termination- Agency Closed Office,129438,26951,CD BUR INDSTRY & SEC
2/24/2025,"HELENA, MT",1810,True Termination- Agency Closed Office,39248,26129,DOT MOT CAR SFTY ADM
2/25/2025,"CLEVELAND, OH",9340,Termination via Mass Mod,207729,25041,FEDERAL TRADE COMMISSION
2/20/2025,"HARTFORD, CT",0,True Termination- Agency Closed Office,8400,23382,FAS REG1 FLT MGT FAC
2/25/2025,"FISHERS, IN",2850,Termination via Mass Mod,53750,22531,HHS OFF SECTY
2/25/2025,"NEW ORLEANS, LA",970,Termination via Mass Mod,17460,21813,ID BU OF SAF ENV ENF
2/4/2025,"DAVENPORT, IA",351,True Termination- Agency Closed Office,6435,20555,LD BAT
2/25/2025,"SAN ANTONIO, TX",4775,Termination via Mass Mod,116130,19408,OFF PERS MGMT
2/12/2025,"LAS VEGAS, NV",1895,True Termination- Move to Federal Space,65406,17203,SSA
2/21/2025,"OXFORD, MS",600,True Termination- Agency Closed Office,9228,16535,JD US MARSHALS SRV
2/25/2025,"CLEVELAND, OH",18996,Termination via Mass Mod,397983,16355,IRS
2/24/2025,"HARLINGEN, TX",612,Termination via Mass Mod,8874,15559,LD WHD
2/24/2025,"LEXINGTON-FAYETTE, KY",1200,True Termination- Agency Closed Office,15143,15434,SBA
2/6/2025,"BATESVILLE, AR",1934,True Termination- Agency Direct Lease,29010,15101,SSA
2/24/2025,"GREENSBORO, NC",648,True Termination- Agency Closed Office,10928,14641,SBA
2/13/2025,"ATLANTA, GA",8360,True Termination- Move to Federal Space,223483,12858,FTC
2/24/2025,"CARMEL, IN",247,Termination via Mass Mod,4199,11907,DOE FERC
2/25/2025,"LONGVIEW, TX",320,Termination via Mass Mod,5101,11473,
3/31/2025,"READING, PA",331,True Termination- Agency Closed Office,5313,11003,DHS TSA
5/22/2025,"KNOXVILLE, TN",1562,Agency Identified Terminations,41396,10434,DOD DCAA
4/21/2025,"NORTH PLATTE, NE",519,Termination by Region,2765,10227,USDA APHIS
2/4/2025,"AKRON, OH",3201,True Termination- Move to Federal Space,48404,8089,DOD DEF CONT MGT AGY
2/5/2025,"JACKSONVILLE, FL",1155,True Termination- Move to Federal Space,27616,7566,DCSA-DOD WORKING CAP
2/26/2025,"COLORADO SPRINGS, CO",875,Termination via Mass Mod,29227,7367,"EMPLOYMENT STANDARDS ADMINISTRATION, WAGE AND HOUR DIVI"
2/24/2025,"SEFFNER, FL",1525,Termination via Mass Mod,21855,7365,CD NOAA
2/24/2025,"SHOW LOW, AZ",460,Termination via Mass Mod,11013,6487,SBA
2/6/2025,"CARNEGIE, OK",0,True Termination- Agency Closed Office,2798,6241,BUREAU OF INDIAN AFFAIRS
2/12/2025,"MERRILL, WI",393,True Termination- Agency Closed Office,6067,6067,DEFENSE CONTRACT MANAGEMENT AGENCY- NATIONAL
2/21/2025,"PEARL, MS",7161,True Termination- Agency Closed Office,112316,5231,USDA NRCS
4/28/2025,"FORT PIERCE, FL",800,Agency Identified Terminations,16268,4056,SBA
2/24/2025,"HAZARD, KY",1652,True Termination- Agency Closed Office,38031,3855,SSA
2/25/2025,"MANSFIELD, OH",3738,Termination via Mass Mod,46239,3800,IRS
2/21/2025,"BISMARCK, ND",0,True Termination- Agency Closed Office,2016,2563,FAS REG8 FLT MGT FAC
2/4/2025,"YAKIMA, WA",330,True Termination- Vacant Space Buyout,2580,1647,JD DRUG ENF
2/18/2025,"RENSSELAER, NY",115,True Termination- Vacant Space Buyout,2500,48,FPS-DHS-MGMT
1/22/2025,"MIAMI, FL",3076,True Termination- Lease Backfill,112278,0,STATE DEPT
1/22/2025,"CINCINNATI, OH",3068,True Termination- Move to Federal Space,75739,0,JD BUR PRISONS
1/27/2025,"CHARLOTTESVILLE, VA",3719,True Termination- Agency Closed Office,124121,0,DOD DEF CONT MGT AGY
1/29/2025,"WHITE PLAINS, NY",16632,True Termination- Consolidation,511908,0,SSA
1/29/2025,"ARLINGTON, VA",55043,True Termination- Consolidation,2595912,0,DHS UNDERSEC FOR MGM
1/29/2025,"ARLINGTON, VA",49662,True Termination- Consolidation,2440578,0,DHS UNDERSEC FOR MGM
1/30/2025,"PHOENIX, AZ",46567,True Termination- Consolidation,1168475,0,JUD PUB DEF SRVC
1/30/2025,"LOS ANGELES, CA",1200,True Termination- Agency Closed Office,35340,0,DHS USSS
1/30/2025,"LOS ANGELES, CA",16439,True Termination- Agency Closed Office,599399,0,GAO
1/30/2025,"BREA, CA",2551,True Termination- Vacant Space Buyout,74556,0,USDA FSIS
1/30/2025,"WASHINGTON, DC",2061,True Termination- Agency Closed Office,71820,0,DHS USSS
1/30/2025,"WASHINGTON, DC",845389,True Termination- Consolidation,26357330,0,LD BUR LAB STAT
1/31/2025,"NEW YORK, NY",250,True Termination- Agency Closed Office,63000,0,DHS USSS
1/31/2025,"NEW YORK, NY",0,True Termination- Agency Closed Office,1879921,0,U.S. IMMIGRATION & CUSTOMS ENFORCEMENT (ICE)
1/31/2025,"WASHINGTON, DC",22195,True Termination- Move to Federal Space,1060029,0,FIELD OFFICES
1/31/2025,"RIVERDALE PARK, MD",5598,True Termination- Consolidation,198065,0,CD NOAA
2/3/2025,"LOGAN, WV",7852,True Termination- Agency Closed Office,196028,0,SSA
2/3/2025,"LOS ANGELES, CA",6610,True Termination- Agency Closed Office,463440,0,DOD WHS
2/3/2025,"WASHINGTON, DC",5255,True Termination- Consolidation,254669,0,DEPT OF EDUC
2/4/2025,"LEBANON, NH",959,True Termination- Agency Closed Office,29098,0,SBA
2/4/2025,"REHOBOTH BEACH, DE",1300,True Termination- Agency Closed Office,120000,0,DHS USSS
2/4/2025,"REHOBOTH BEACH, DE",2400,True Termination- Agency Closed Office,308975,0,DHS USSS
2/4/2025,"WILMINGTON, DE",2350,True Termination- Agency Closed Office,89250,0,DOD WHS
2/4/2025,"REHOBOTH BEACH, DE",2740,True Termination- Agency Closed Office,156300,0,DOD DISA
2/4/2025,"WILMINGTON, DE",13441,True Termination- Agency Closed Office,528160,0,DHS USSS
2/4/2025,"WILMINGTON, DE",0,True Termination- Agency Closed Office,249975,0,DHS UNITED STATES SECRET SERVICE
2/4/2025,"PHILADELPHIA, PA",1000,True Termination- Agency Closed Office,39348,0,DHS USSS
2/4/2025,"CHAMPAIGN, IL",2958,True Termination- Agency Closed Office,57893,0,TD OFF CMPT CRRNCY
2/4/2025,"DAYTON, OH",2257,True Termination- Agency Closed Office,33574,0,JD US TRUSTEES
2/4/2025,"AUSTIN, TX",0,True Termination- Agency Closed Office,139440,0,U.S IMMIGR/CUST/ENFO
2/4/2025,"ABILENE, TX",4998,True Termination- Agency Closed Office,68743,0,DHS TSA
2/4/2025,"SEATTLE, WA",23394,True Termination- Move to Federal Space,1052732,0,GOVERNMENT ACCOUNTABILITY OFFICE
2/5/2025,"BUFFALO, NY",18163,True Termination- Consolidation,548896,0,DEPARTMENTAL MANAGEMENT (IG)
2/5/2025,"MIDDLEBURG HEIGHTS, OH",1000,True Termination- Agency Closed Office,15299,0,BU ALC TOB FRMS XPL
2/5/2025,"FAYETTEVILLE, AR",440,True Termination- Move to Federal Space,11096,0,LD WHD
2/5/2025,"LAS CRUCES, NM",1120,True Termination- Move to Federal Space,27109,0,VBA
2/6/2025,"ROANOKE RAPIDS, NC",982,True Termination- Lease Backfill,24000,0,SSA
2/6/2025,"OKEMOS, MI",4276,True Termination- Agency Closed Office,108966,0,SOCIAL SECURITY ADMINISTRATION
2/6/2025,"COLUMBUS, OH",3999,True Termination- Move to Federal Space,81882,0,SOCIAL SECURITY ADMINISTRATION
2/6/2025,"COLUMBUS, OH",61371,True Termination- Move to Federal Space,1525086,0,BANKRUPTCY CLERK
2/6/2025,"TOLEDO, OH",6834,True Termination- Move to Federal Space,147741,0,PROBATION
2/6/2025,"GREEN BAY, WI",976,True Termination- Consolidation,26432,0,SOCIAL SECURITY ADMINISTRATION
2/6/2025,"WASHINGTON, DC",30193,True Termination- Agency Closed Office,1462643,0,DOE FERC
2/7/2025,"MENLO PARK, CA",20000,True Termination- Agency Direct Lease,1800000,0,ID GEOLOGICAL SURVEY
2/10/2025,"SAN JOSE, CA",4562,True Termination- Agency Closed Office,257302,0,DEF CONT MANA AGNEY
2/10/2025,"WASHINGTON, DC",17593,True Termination- Agency Closed Office,795617,0,USDA FS
2/12/2025,"WASHINGTON, DC",66390,True Termination- Move to Federal Space,2385019,0,DOE HQ
2/12/2025,"LORTON, VA",15280,True Termination- Agency Closed Office,342689,0,General Services Administration
2/13/2025,"WASHINGTON, DC",59681,True Termination- Move to Federal Space,2774013,0,DHS UNDERSEC FOR MGM
2/13/2025,"SILVER SPRING, MD",64471,True Termination- Agency Closed Office,2006132,0,HHS FDA
2/13/2025,"DERWOOD, MD",29744,True Termination- Agency Closed Office,884357,0,HHS FDA
2/14/2025,"ST. LOUIS, MO",3392,True Termination- Agency Closed Office,85087,0,DEFENSE COUNTERINTELLIGENCE AND SECURITY AGENCY – DOD W
2/18/2025,"SAINT AUGUSTINE, FL",4045,Agency entering into a license agreement with Northrop Grumman for their space,78878,0,DOD DEF CONT MGT AGY
2/20/2025,"ST. JOSEPH, MO",1449,True Termination- Consolidation,34598,0,FEDERAL BUREAU OF INVESTIGATION
2/20/2025,"ARLINGTON, VA",88469,True Termination- Move to Federal Space,3016102,0,LD MINE SAFE HEALTH
2/21/2025,"MELBOURNE, FL",570,True Termination- Agency Closed Office,8862,0,SBA
2/21/2025,"SHELBY, MT",16292,True Termination- Agency Closed Office,363559,0,BORDER PATROL F
2/21/2025,"CHICO, CA",315,True Termination- Agency Closed Office,7560,0,SBA
2/24/2025,"LOWELL, MA",36752,True Termination- Move to Federal Space,1197473,0,INTERNAL REVENUE SERVICE NATIONAL OFFICE
2/24/2025,"LITTLE ROCK, AR",3974,Agency approved lease termination,85875,0,USDA AMS
2/24/2025,"LOS ANGELES, CA",1527,Termination via Mass Mod,40084,0,AGRICULTURAL MARKETING SERVICE
2/25/2025,"NASHVILLE, TN",4133,True Termination- Agency Closed Office,142577,0,SOCIAL SECURITY ADMINISTRATION
2/25/2025,"KLAMATH FALLS, OR",8913,Termination via Mass Mod,72848,0,ID GEOLOGICAL SURVEY
3/4/2025,"CLEVELAND, OH",28704,Termination via Mass Mod,763565,0,OFFICE OF THE SECRETARY
3/4/2025,"LITTLE ROCK, AR",8352,Termination via Mass Mod,180126,0,LD OCC SFTY&HLTH ADM
3/4/2025,"WASHINGTON, DC",76200,Termination via Mass Mod,3639020,0,DEPARTMENT OF HOUSING AND URBAN DEVELOPMENT
3/4/2025,"WASHINGTON, DC",33675,Termination via Mass Mod,2157949,0,OFFICE OF THE INSPECTOR GENERAL
3/4/2025,"ALEXANDRIA, VA",55159,Termination via Mass Mod,2286865,0,SIGPR
4/1/2025,"NORTH CHARLESTON, SC",75000,True Termination- Agency Closed Office,725132,0,USAF DEPT
4/3/2025,"BALTIMORE, MD",103579,Termination via Mass Mod,2402919,0,CENTERS FOR MEDICARE AND MEDICAID SERVICES
4/3/2025,"WASHINGTON, DC",17500,Termination via Mass Mod,179604,0,DEPARTMENT OF EDUCATION
4/3/2025,"WASHINGTON, DC",27714,Termination via Mass Mod,1238963,0,INSTITUTE MUSM SERV
4/16/2025,"NEW YORK, NY",928,True Termination- Agency Closed Office,52356,0,DHS USSS
4/28/2025,"TALLAHASSEE, FL",4686,True Termination- Agency Closed Office,110032,0,SSA
4/28/2025,"LOS ANGELES, CA",6500,Agency Identified Terminations,348000,0,DOD -WHS
4/28/2025,"WALNUT CREEK, CA",8017,Agency Identified Terminations,249458,0,INTERNAL REVENUE SERVICE NATIONAL OFFICE
5/7/2025,"SYRACUSE, NY",3582,True Termination- Move to Federal Space,59660,0,VBA
5/7/2025,"SYRACUSE, NY",1250,True Termination- Move to Federal Space,20264,0,USDA OIG
5/22/2025,"STOCKTON, CA",972,Agency Identified Terminations,27527,0,SBA
5/22/2025,"SAN DIEGO, CA",22895,Agency Identified Terminations,573868,0,FEDERAL BUREAU OF INVESTIGATION
5/23/2025,"WASHINGTON, DC",200432,True Termination- Agency Closed Office,9535356,0,FEDERAL BUREAU OF INVESTIGATION
7/8/2025,"HONOLULU, HI",4054,Agency Identified Terminations,212927,0,USDA APHIS
