internal_id,Award ID,Recipient Name,Award Amount,Awarding Agency,Awarding Sub Agency,Award Type,Description,Start Date,End Date,awarding_agency_id,agency_slug,generated_internal_id
295527116,DENA0003525,"NATIONAL TECHNOLOGY & ENGINEERING SOLUTIONS OF SANDIA, LLC",41728778748.27,Department of Energy,Department of Energy,,"IGF::CL,CT::IGF CONTRACT AWARD DE-NA0003525 TO THE NATIONAL TECHNOLOGY&ENGINEERING SOLUTIONS OF SANDIA, LLC (NTESS) FOR THE MANAGEMENT AND OPERATION OF THE DEPARTMENT OF ENERGY, NATIONAL NUCLEAR SECURITY ADMINISTRATION'S SANDIA NATIONAL LABORATORIES (SNL)",2017-01-18,2027-04-30,930,department-of-energy,CONT_AWD_DENA0003525_8900_-NONE-_-NONE-
297664766,F0470195C0017,LOCKHEED MISSILES & SPACE COMP,9458382765.59,Department of Defense,Department of the Air Force,,200510!000044!5700!FA8810!SMC/ISK                         !F0470195C0017  !A!N! !N!             !P00309!20050324!20100630!196596688!196596688!834951691!N!LOCKHEED MARTIN CORPORATION   !1111 LOCKHEED MARTIN WAY  !SUNNYVALE           !CA!94089!77000!085!06!SUNNYVALE           !SANTA CLARA           !CALIFORNIA!+000003570337!N!N!000000000000!AC23!RDTE/MISSILE AND SPACE SYSTEMS-ADV TECH DEV       !A2 !MISSILE AND SPACE SYSTEMS           !210 !SBIRS HIGH                    !323118!E! !3! ! !D! ! !20200930!B! ! !N!Z!D!N!U!1!001!N!1G!Z!Y!Z! !  !N!C!N! ! ! !Z!Z!A!A!000!A!B!N! ! ! !Y!    !      !0001! !,1995-11-08,2021-10-29,1173,department-of-defense,CONT_AWD_F0470195C0017_9700_-NONE-_-NONE-
309493329,N0001902C3003,RTX CORPORATION,7911304631.39,Department of Defense,Defense Contract Management Agency,,200204!008533!1700!AF600 !NAVAL AIR SYSTEMS COMMAND !N0001902C3003 !A!N! !N! !20011026!20120430!001447952!001447952!001344142!N!UNITED TECHNOLOGIES CORP !400 MAIN STREET !EAST HARTFORD !CT!06108!22700!003!09!EAST HARTFORD !HARTFORD !CONN !+000014000000!N!N!004803460088!AC15!RDTE/AIRCRAFT-ENG/MANUF DEVELOP !A1B!AIRCRAFT ENGINES AND SPARES !2AMA!JAST/JSF !541710!E! !3! ! ! ! ! !99990909!B! ! !A! !D!N!R!1!001!N!1A!A!Y!Z! ! !N!C!N! ! ! !A!A!A!A!000!A!C!N! ! ! !Y! !N00019!0001!,2001-10-26,2019-04-12,1173,department-of-defense,CONT_AWD_N0001902C3003_9700_-NONE-_-NONE-
309502784,N0002405C5346,RAYTHEON COMPANY,5668542889.12,Department of Defense,Department of the Navy,,,2005-05-25,2019-09-29,1173,department-of-defense,CONT_AWD_N0002405C5346_9700_-NONE-_-NONE-
295530523,DESC0004645,UCOR LLC,3900788934.07,Department of Energy,Department of Energy,,"DECONTAMINATION AND DECOMISSIONING OF THE EAST TENNESSEE TECHNOLOGY PARK (ETTP)AT OAK RIDGE, TN.",2011-04-29,2021-07-31,930,department-of-energy,CONT_AWD_DESC0004645_8900_-NONE-_-NONE-
297729680,F1962800C0002,MASSACHUSETTS INSTITUTE OF TECHNOLOGY,3185646781.52,Department of Defense,Department of the Air Force,,,2000-05-30,2005-03-31,1173,department-of-defense,CONT_AWD_F1962800C0002_9700_-NONE-_-NONE-
298584424,FA872105C0002,MASSACHUSETTS INSTITUTE OF TECHNOLOGY,3009698421.32,Department of Defense,Department of the Air Force,,200507!000127!5700!FA8721!ESC/XPK                         !FA872105C0002  !A!N! !Y!             !      !20050401!20100331!001425594!001425594!001425594!N!MASSACHUSETTS INSTITUTE OF TEC!77 MASSACHUSETTS AVE NE49-!CAMBRIDGE           !MA!02139!11000!017!25!CAMBRIDGE           !MIDDLESEX             !MASS      !+000010298000!N!N!003260606491!AC61!RDTE/ELECTRONICS&COMMUNICATION EQ-BASIC RESEARCH!S1 !SERVICES                            !000 !*                             !541990!E! !3! ! ! ! ! !20200930!B!A! !N!Z!D!U!S!1!001!N!3A!Z!Y!D! !  !N!V!N! ! ! ! ! !A!A!000!A!C!N! ! ! !Y!    !      !0001! !,2005-04-01,2015-03-31,1173,department-of-defense,CONT_AWD_FA872105C0002_9700_-NONE-_-NONE-
291817637,80NM0018F0615,CALIFORNIA INSTITUTE OF TECHNOLOGY,2945898288.98,National Aeronautics and Space Administration,National Aeronautics and Space Administration,,"EUROPA CLIPPER PROJECT  THE CONTRACT IS THE SPONSORING AGREEMENT BETWEEN THE NATIONAL AERONAUTICS AND SPACE ADMINISTRATION NASA AND THE CALIFORNIA INSTITUTE OF TECHNOLOGY-CONTRACTOR, A PRIVATE NONPROFIT EDUCATIONAL INSTITUTION, WHICH ESTABLISHES THE RELATIONSHIP FOR THE OPERATION OF THE FEDERALLY FUNDED RESEARCH AND DEVELOPMENT CENTER-FFRDC KNOWN AS THE JET PROPULSION LABORATORY. THE CONTRACTOR, JPL, IS REQUIRED TO PERFORM WORK THAT IS DESIGNATED IN TASK ORDERS ISSUED BY THE NASA MANAGEMENT OFFICE-NMO CONTRACTING OFFICERS. NASA-SPONSORED WORK: JPLS PRIMARY MISSION IS TO SUPPORT THE NASA SCIENCE MISSION DIRECTORATE-SMD IN CARRYING OUT THE SPECIFIC OBJECTIVES IDENTIFIED IN THE SMD SCIENCE PLAN.  THE FOUR BROAD SCIENTIFIC AREAS ARE: EARTH SCIENCE, PLANETARY SCIENCE, HELIOPHYSICS, AND ASTROPHYSICS.  IN PERFORMANCE OF THIS CONTRACT, JPL SHALL: 1. SUPPLY A BROAD BASE OF SCIENTIFIC AND TECHNICAL CAPABILITIES RELEVANT TO NASA PROGRAM AND PROJECT RESPONSIBILITIES AND ASSIGNMENTS. 2. FOSTER ITS UNIQUE RELATIONSHIP WITH A TOP-TIER UNIVERSITY TO FACILITATE THE INVOLVEMENT OF SCIENTISTS, ENGINEERS, AND STUDENTS FROM THE UNIVERSITY AND RESEARCH COMMUNITIES IN NASA MISSION AND IN SUPPORTING OTHER GOVERNMENT AGENCIES. 3. SUPPORT NASA IN ENABLING PROGRAM AND INSTITUTIONAL CAPABILITIES. 4. DEVELOP SPACECRAFT AND INSTRUMENTS THAT ARE SENT TO VARIOUS DESTINATIONS WITH OUR SOLAR SYSTEM, INCLUDING EARTH ORBIT, PLANETS, PLANETARY SATELLITES, ASTEROIDS, AND COMETS.  THESE MISSIONS MAY BE ORBITERS, LANDERS, OR ROVERS, AND TYPICALLY INCLUDE CUTTING-EDGE TECHNOLOGIES REQUIRED TO MEET SCIENTIFIC REQUIREMENTS. 5. PERFORM PROJECT TASKS INVOLVING: I-AUTONOMOUS DEEP-SPACE, INNER-SPACE AND EARTH-ORBITING SPACECRAFT OR MAJOR SUBSYSTEMS, II-EXPERIMENTS, INSTRUMENTS, OR OTHER DEVICES WHICH MAY BE CARRIED AS PAYLOAD ON SPACECRAFTS IN MISSIONS MANAGED BY OTHERS, AND-OR III-GROUND-BASED SYSTEMS. 6. BEYOND ITS PRIMARY MISSION, JPL MAY PERFORM WORK FOR OTHER NASA MISSION DIRECTORATES OR OFFICES. 7. JPL IS ALSO RESPONSIBLE FOR THE OPERATION, RESEARCH, TECHNOLOGY INSERTION, AND MANAGEMENT OF NASAS DEEP SPACE NETWORK TO PROVIDE TELECOMMUNICATION AND OPERATION SERVICES, INCLUDING DATA ACQUISITION AND DATA DELIVERY REQUIRED TO MEET ESTABLISHED AGENCY OBJECTIVES. 8. JPL IS ALSO REQUIRED TO MAINTAIN AND CONDUCT AN EDUCATION PROGRAM IN CLOSE COORDINATION WITH THE NASA HEADQUARTERS EDUCATION OFFICE, THE ACADEMIC COMMUNITY AT LARGE, AND IN SUPPORT TO NASA STRATEGIC OBJECTIVES TO IMPROVE STUDENT RETENTION IN THE SCIENCE, TECHNOLOGY, ENGINEERING, AND MATHEMATICS-STEM DISCIPLINES. WORK FOR NON-NASA SPONSORS:  JPL MAY PERFORM WORK FOR NON-NASA SPONSORS.  THIS WORK WILL BE DESIGNATED IN TASK ORDERS ISSUED BY NMO CONTRACTING OFFICERS BASED ON TASK PLANS INITIATED BY THE CONTRACTOR.",2018-10-01,2028-09-30,862,national-aeronautics-and-space-administration,CONT_AWD_80NM0018F0615_8000_80NM0018D0004_8000
298454341,FA821413C0001,BAE SYSTEMS TECHNOLOGY SOLUTIONS & SERVICES INC.,2198311884.07,Department of Defense,Department of the Air Force,,"IGF::CL::IGF SYSTEMS ENGINEERING, INTEGRATION AND PROGRAM MANAGEMENT SUPPORT FOR THE ICBM SYSTEMS DIRECTORATE.",2013-08-01,2026-07-31,1173,department-of-defense,CONT_AWD_FA821413C0001_9700_-NONE-_-NONE-
311403688,NNK13MA14C,"AMENTUM TECHNOLOGY, INC.",2099373524.58,National Aeronautics and Space Administration,National Aeronautics and Space Administration,,"IGF::OT::IGF THE TEST AND OPERATIONS SUPPORT CONTRACT (TOSC) IS A COST-PLUS-AWARD-FEE CONTRACT WITH AN INDEFINITE DELIVERY INDEFINITE QUANTITY TASK ORDERING PROVISION. TOSC PROVIDES A PROCESSING CONTRACT FOR THE KENNEDY SPACE CENTER (KSC) SUPPORTING MULTIPLE CUSTOMERS. THE SCOPE OF THIS CONTRACT INCLUDES PROGRAM MANAGEMENT AND CONTROL; SAFETY AND MISSION ASSURANCE; INFORMATION MANAGEMENT; PROCESSING SUPPORT SYSTEMS AND INTEGRATION; FLIGHT HARDWARE PROCESSING; GROUND SYSTEMS OPERATIONS, MAINTENANCE AND SUSTAINING ENGINEERING; LOGISTICS AND SPACEPORT SERVICES. TOSC PROVIDES OVERALL MANAGEMENT AND IMPLEMENTATION OF GROUND SYSTEMS CAPABILITIES, FLIGHT HARDWARE PROCESSING AND LAUNCH OPERATIONS AT KSC IN FLORIDA. THESE TASKS WILL SUPPORT THE INTERNATIONAL SPACE STATION, GROUND SYSTEMS DEVELOPMENT AND OPERATIONS, AND THE SPACE LAUNCH SYSTEM, ORION MULTI-PURPOSE CREW VEHICLE AND LAUNCH SERVICES PROGRAMS. TOSC ALSO PROVIDES GROUND PROCESSING FOR LAUNCH VEHICLES, SPACECRAFT AND PAYLOADS IN SUPPORT OF EMERGING PROGRAMS, COMMERCIAL ENTITIES AND OTHER GOVERNMENT AGENCIES AS DESIGNATED BY THE GOVERNMENT. SERVICES INCLUDE ADVANCED PLANNING AND SPECIAL STUDIES; DEVELOPMENT OF DESIGNATED GROUND SYSTEMS; OPERATIONAL SUPPORT FOR DESIGN AND DEVELOPMENT OF FLIGHT HARDWARE AND GROUND SYSTEMS; SPACECRAFT, PAYLOAD, AND LAUNCH VEHICLE SERVICING AND PROCESSING; GROUND SYSTEMS SERVICES; AND LOGISTICS AND OTHER PROCESSING SUPPORT SERVICES. FLIGHT HARDWARE PROCESSING AND SERVICING ACTIVITIES INCLUDE ASSEMBLY, INTEGRATION, CHECKOUT, AND DEPOT-LEVEL MAINTENANCE AND REPAIR. LAUNCH VEHICLE AND SPACECRAFT OPERATIONS INCLUDE ADVANCED PLANNING, ELEMENT PROCESSING, INTEGRATION, TEST, LAUNCH AND RECOVERY SERVICES. GROUND SYSTEMS SERVICES INCLUDE OPERATIONS, MAINTENANCE AND VALIDATION OF ASSOCIATED GROUND SYSTEMS AND SUPPORT EQUIPMENT NECESSARY FOR HUMAN SPACE FLIGHT AND EXPLORATION. CONTRACT ACTIVITIES WILL BE PERFORMED IN THE MOST COST-EFFECTIVE AND EFFICIENT MANNER SUPPORTING THE GOVERNMENT S PRIORITIES FOR SAFETY, MISSION SUCCESS, CUSTOMER SATISFACTION AND INNOVATION WHILE MAINTAINING FLEXIBILITY AND RESPONSIVENESS TO CHANGING REQUIREMENTS. WITH THE AWARD OF THIS CONTRACT, KSC IS POSITIONING ITSELF FOR THE NEXT ERA OF SPACE EXPLORATION. KSC IS TRANSITIONING TO A 21ST-CENTURY LAUNCH FACILITY WITH MULTIPLE USERS, BOTH PRIVATE AND GOVERNMENT. A DYNAMIC INFRASTRUCTURE IS TAKING SHAPE, DESIGNED TO HOST MANY KINDS OF SPACECRAFT AND ROCKETS SENDING PEOPLE ON AMERICA'S NEXT VOYAGES IN SPACE.",2013-03-01,2023-04-30,862,national-aeronautics-and-space-administration,CONT_AWD_NNK13MA14C_8000_-NONE-_-NONE-
311365750,NNG09HR00C,LOCKHEED MARTIN CORP,2032336134.57,National Aeronautics and Space Administration,National Aeronautics and Space Administration,,"THE GOVERNMENT IS PROCURING THE NEXT-GENERATION GEOSTATIONARY OPERATIONAL ENVIRONMENTAL SATELLITES (GOES) SERIES TO CONTINUE ITS MISSION THROUGH NEW REQUIREMENTS SPECIFIED IN THE GOES-R LEVEL I REQUIREMENTS DOCUMENT AND MISSION REQUIREMENTS DOCUMENT (MRD). THE FIRST SATELLITE OF THIS NEW SERIES, DESIGNATED AS GOES-R, WILL PROVIDE THE FIRST MAJOR IMPROVEMENT IN INSTRUMENT TECHNOLOGY SINCE GOES-I LAUNCHED IN 1994. THE GOES-R SERIES WILL INTRODUCE OTHER NEW TECHNOLOGIES IN BOTH THE SPACE AND GROUND SEGMENTS. THESE ADVANCES WILL IMPROVE THE NATION'S ABILITY TO MONITOR AND FORECAST WEATHER AND ENVIRONMENTAL PHENOMENA WITH A SIGNIFICANT INCREASE IN THE NUMBER OF PRODUCTS.  ONE OF NOAA'S PRINCIPAL MISSIONS IS TO PROVIDE FORECASTS AND WARNINGS FOR THE UNITED STATES, ITS TERRITORIES, ADJACENT WATERS AND OCEAN AREA FOR THE PROTECTION OF LIFE AND PROPERTY AND ENHANCEMENT OF THE NATIONAL ECONOMY. THIS MISSION REQUIRES THE CAPABILITY TO ACQUIRE, PROCESS, AND DISSEMINATE ENVIRONMENTAL DATA ON AN EXTENSIVE SPATIAL RANGE (GLOBAL, REGIONAL AND LOCAL) ON A VARIETY OF TIME SCALES. THESE DATA INCLUDE, BUT ARE NOT LIMITED TO: GLOBAL IMAGERY; CLOUD AND PRECIPITATION PARAMETERS; ATMOSPHERIC PROFILES OF TEMPERATURE, MOISTURE, WINDS, AEROSOLS, AND OZONE; SURFACE CONDITIONS CONCERNING ICE, SNOW AND VEGETATION; OCEAN PARAMETERS AND SEA-SURFACE TEMPERATURE; AND SOLAR AND IN-SITU SPACE ENVIRONMENT CONDITIONS.  THE STATEMENT OF WORK (SOW) DEFINES THOSE TASKS TO DESIGN, ANALYZE, VALIDATE, DEVELOP, FABRICATE, ASSEMBLE, INTEGRATE, TEST, VERIFY, EVALUATE, DELIVER GOES-R SERIES SATELLITES AND SUPPORT LAUNCH AND POST LAUNCH, SUPPLY AND MAINTAIN THE GROUND SUPPORT EQUIPMENT (GSE), AND SUPPORT THE NOAA SATELLITE OPERATIONS CONTROL CENTER (SOCC).  THE CONTRACTOR SHALL PROVIDE THE PERSONNEL, MATERIALS, FACILITIES, AND OTHER RESOURCES TO DESIGN, VALIDATE, FABRICATE, ASSEMBLE, INTEGRATE, TEST, VERIFY, AND DELIVER GOES-R SERIES SATELLITES AND PROVIDE PRE-LAUNCH, LAUNCH, AND POST-LAUNCH SUPPORT AND TRAINING UNDER THE BASIC CONTRACT, AND OPTIONS WHEN EXERCISED BY THE GOVERNMENT.",2008-12-04,2039-04-30,862,national-aeronautics-and-space-administration,CONT_AWD_NNG09HR00C_8000_-NONE-_-NONE-
309496010,N0001919F2474,LOCKHEED MARTIN CORPORATION,1938555790.62,Department of Defense,Department of the Navy,,TECHNOLOGY REFRESH 3 (TR3) SYSTEM,2018-11-14,2025-02-14,1173,department-of-defense,CONT_AWD_N0001919F2474_9700_N0001914G0020_9700
311386104,NNJ05HI05C,"AMENTUM TECHNOLOGY, INC.",1935286588.08,National Aeronautics and Space Administration,National Aeronautics and Space Administration,,ENGINEERING SCIENCE CONTRACT,2005-02-01,2013-04-30,862,national-aeronautics-and-space-administration,CONT_AWD_NNJ05HI05C_8000_-NONE-_-NONE-
291815628,80MSFC18C0011,"AMENTUM TECHNOLOGY, INC.",1890051808.19,National Aeronautics and Space Administration,National Aeronautics and Space Administration,,ENGINEERING SERVICES AND SCIENCE CAPABILITY AUGMENTATION (ESSCA),2017-12-01,2026-11-30,862,national-aeronautics-and-space-administration,CONT_AWD_80MSFC18C0011_8000_-NONE-_-NONE-
309505587,N0002413C5116,LOCKHEED MARTIN CORPORATION,1812639590.37,Department of Defense,Department of the Navy,,"AEGIS COMBAT SYSTEM ENGINEERING AGENT (CSEA) ADVANCED CAPABILITY BUILD 16 (ACB 16), TECHNOLOGY INSERTION 16 (TI 16), FUTURE ACB/TI, BASELINE MAINTENANCE, TRAINING, AND STUDIES",2013-03-04,2025-03-31,1173,department-of-defense,CONT_AWD_N0002413C5116_9700_-NONE-_-NONE-
311312985,NMO710846,CALIFORNIA INSTITUTE OF TECHNOLOGY,1725568202.42,National Aeronautics and Space Administration,National Aeronautics and Space Administration,,MARS SCIENCE LABORATORY,2003-09-30,2012-09-30,862,national-aeronautics-and-space-administration,CONT_AWD_NMO710846_8000_NAS703001_8000
297765777,F3365702C0006,RTX CORPORATION,1661029666.0,Department of Defense,Department of the Air Force,,"200308!000046!5700!GU57  !ASC/LPK  BLDG 28 ROOM 207       !F3365702C0006  !A!N! !N!                   !20030516!20071221!001447952!835551474!001344142!N!UNITED TECHNOLOGIES CORP      !400 MAIN STREET           !EAST HARTFORD       !CT!06108!22700!003!09!EAST HARTFORD       !HARTFORD              !CONN      !+000140098476!N!Y!001257805220!2840!GAS TURBINES AND JET ENGINES, ACFT & COMPS        !A1B!AIRCRAFT ENGINES AND SPARES   !3ADG!C-17 CARGO TRANSPORT          !336412!E! !3! ! ! ! ! !99990909!B! ! !A! !D!N!K!1!001!N!1A!Z!N!E!  !  !Y!C!N! ! ! !A!A!A!A!000!A!B!Y! ! ! ! !    !      !0001! !",2003-05-16,2008-03-31,1173,department-of-defense,CONT_AWD_F3365702C0006_9700_-NONE-_-NONE-
272710476,0007,MASSACHUSETTS INSTITUTE OF TECHNOLOGY,1594101040.69,Department of Defense,Department of the Air Force,,IGF::OT::IGF TRANSITION OF PROGRAMS FROM MIT LL CONTRACT FA8721-05-C-0002 TO MIT LL CONTRACT FA8702-15-D-0001,2016-06-03,2030-02-28,1173,department-of-defense,CONT_AWD_0007_9700_FA870215D0001_9700
291818013,80NM0021F0008,CALIFORNIA INSTITUTE OF TECHNOLOGY,1593516202.0,National Aeronautics and Space Administration,National Aeronautics and Space Administration,,MARS SAMPLE RETURN (MSR) PROGRAM - PHASE A 40-108270,2020-12-17,2028-09-24,862,national-aeronautics-and-space-administration,CONT_AWD_80NM0021F0008_8000_80NM0018D0004_8000
311383785,NNH15CN76C,NORTHROP GRUMMAN SYSTEMS CORPORATION,1573710341.3,National Aeronautics and Space Administration,National Aeronautics and Space Administration,,"IGF::OT::IGF NEXTSTEP NRA AWARD.  THIS NEXTSTEP CONTRACT BUILDS UPON THE SUCCESS OF COMMERCIAL ORBITAL TRANSPORTATION SERVICES SPACE ACT AGREEMENT DEVELOPMENT PROGRAM AND AN EXISTING INTERNATIONAL SPACE STATION (ISS) COMMERCIAL RESUPPLY SERVICES (CRS) CONTRACT. ORBITAL HAS SUCCESSFULLY TRANSITIONED FROM COTS TO THE CRS PROGRAM, FLYING THREE VERY SUCCESSFUL PRESSURIZED CARGO RESUPPLY MISSIONS TO THE ISS, USING THE CYGNUS SPACECRAFT. ORBITAL ALSO SUCCESSFULLY DEVELOPED SPACECRAFT FOR SOLAR SYSTEM EXPLORATION TO INCLUDE THE CURRENTLY OPERATIONAL DAWN MISSION. THIS MISSION WAS LAUNCHED IN SEPTEMBER 2007, COMPLETED ITS RENDEZVOUS MISSION AT VESTA IN JULY 2012 AND IS EN ROUTE TO CERES IN EARLY 2015.  WITH SPACE AGENCY BUDGETS CONTINUING TO BE TIGHT, EXPLORATION PLANS NEED TO EMPHASIZE EVOLUTION OF EXISTING SYSTEMS, WHERE COST AND SCHEDULE IS BETTER CONTROLLED, AND DEVELOPMENT RISK REDUCED. SPECIFICALLY, ELEMENTS OF THE CURRENT ISS, INCLUDING CYGNUS, CAN BE EVOLVED TO SUPPORT MORE DISTANT SPACE DESTINATIONS. TO SUPPORT THESE ENDEAVORS, ORBITAL CONTRIBUTES TO THE DEVELOPMENT AND PRODUCT IMPROVEMENT OF CYGNUS AND TO NEXTSTEP ACTIVITIES AND HAVE INVESTED IN THE COTS CRS PUBLIC-PRIVATE PARTNERSHIP ENDEAVOR.  ORBITAL'S EXPLORATION AUGMENTATION MODULE (BAM) ARCHITECTURE USES A MODULAR, BUILDING BLOCK APPROACH THAT LEVERAGES THE CYGNUS SPACECRAFT TO EXPAND CISLUNAR AND LONG DURATION DEEP SPACE TRANSIT HABITATION CAPABILITIES AND TECHNOLOGIES CRITICAL TO NASAS LONG-TERM EXPLORATION GOALS.  ORBITALS ARCHITECTURE CONCEPT BLENDS IN-PRODUCTION HARDWARE WITH ADAPTATION, EVOLUTION, PLANNING, AND FORWARD THINKING. CYGNUS WILL SERVE AS A MODULAR HABITAT AND TEST PLATFORM FOR QUALIFYING TECHNOLOGIES IN A DISTANT RETROGRADE ORBIT (DRO) OR IN A LOW EARTH ORBIT (LEO), EITHER WHILE ATTACHED TO THE ISS OR AS A FREE-FLYER. USING THE EXISTING, OPERATIONAL CYGNUS TO PERFORM THESE MISSIONS HAS THE ADVANTAGE OF DECREASING OVERALL DEVELOPMENT TIME AND COSTS, AND FREEING UP RESOURCES THAT WOULD BE SPENT ON DEVELOPING A SPACECRAFT TO FOCUS ON CULTIVATING MISSION ENABLING TECHNOLOGIES.  THE GOAL IS TO HAVE A CYGNUS DERIVED EAM DEPLOYED IN CISLUNAR SPACE BEFORE 2020. THIS SPACECRAFT WILL BE THE FIRST BUILDING BLOCK IN SUPPORTING BOTH COMMERCIAL MARKETS AND GOVERNMENT OBJECTIVES. THE PROPOSED EFFORT FOR THIS NEXTSTEP BAA PHASE I, INVOLVES DEFINING AN EAM ARCHITECTURE AND CONCEPT OF OPERATIONS (CONOPS) THAT ADDRESSES COMMERCIAL MARKETS AND NASA EXPLORATION OBJECTIVES, TECHNOLOGY MATURATION PLANNING AND INFRASTRUCTURE DEVELOPMENT, AND TO IDENTIFY TECHNOLOGIES THAT CAN BE IMPLEMENTED AND DEMONSTRATED IN THE ISSILEO ENVIRONMENT WITHIN THE NEXT THREE YEARS.  TO MATURE HABITATION TECHNOLOGIES, THE CONTRACTOR WILL IDENTIFY STATE OF THE ART (SOA) TECHNOLOGIES ACROSS NASA TECHNOLOGY AREAS (TAS) DEFINED IN THE NASA TECHNOLOGY ROADMAP.  FOCUS WILL BE ON MATURATION OF THE FOLLOWING TECHNOLOGIES    ENVIRONMENTAL CONTROL AND LIFE SUPPORT SYSTEMS    ENVIRONMENTAL MONITORING    SAFETY AND EMERGENCY RESPONSE AND HABITATION    THERMAL CONTROL SYSTEMS    AUTONOMOUS HABITATION SYSTEMS    NAVIGATION    SYSTEMS MANAGEMENT    DOCKING AND CAPTURE    MECHANISMS AND DEPLOYABLE HABITATION ELEMENTS",2015-09-03,2029-05-31,862,national-aeronautics-and-space-administration,CONT_AWD_NNH15CN76C_8000_-NONE-_-NONE-
278712151,19AQMM18C0185,"GENERAL DYNAMICS INFORMATION TECHNOLOGY, INC.",1506866336.41,Department of State,Department of State,,GLOBAL SECURITY ENGINEERING&SUPPLY CHAIN SERVICES.,2019-06-19,2029-08-07,315,department-of-state,CONT_AWD_19AQMM18C0185_1900_-NONE-_-NONE-
292036677,89303321CEM000080,"BATTELLE SAVANNAH RIVER ALLIANCE, LLC",1490042697.2,Department of Energy,Department of Energy,,SAVANNAH RIVER NATIONAL LABORATORY MANAGEMENT AND OPERATING (M&O) CONTRACT,2021-02-16,2030-02-15,930,department-of-energy,CONT_AWD_89303321CEM000080_8900_-NONE-_-NONE-
291817845,80NM0018F0850,CALIFORNIA INSTITUTE OF TECHNOLOGY,1443582236.34,National Aeronautics and Space Administration,National Aeronautics and Space Administration,,"DEEP SPACE NETWORK (DSN)  THE CONTRACT IS THE SPONSORING AGREEMENT BETWEEN THE NATIONAL AERONAUTICS AND SPACE ADMINISTRATION (NASA) AND THE CALIFORNIA INSTITUTE OF TECHNOLOGY (CONTRACTOR), A PRIVATE NONPROFIT EDUCATIONAL INSTITUTION, WHICH ESTABLISHES THE RELATIONSHIP FOR THE OPERATION OF THE FEDERALLY FUNDED RESEARCH AND DEVELOPMENT CENTER (FFRDC) KNOWN AS THE JET PROPULSION LABORATORY. THE CONTRACTOR, JPL, IS REQUIRED TO PERFORM WORK THAT IS DESIGNATED IN TASK ORDERS ISSUED BY THE NASA MANAGEMENT OFFICE (NMO) CONTRACTING OFFICERS.   NASA - SPONSORED WORK: JPL'S PRIMARY MISSION IS TO SUPPORT THE NASA SCIENCE MISSION DIRECTORATE (SMD) IN CARRYING OUT THE SPECIFIC OBJECTIVES IDENTIFIED IN THE SMD SCIENCE PLAN.  THE FOUR BROAD SCIENTIFIC AREAS ARE: EARTH SCIENCE, PLANETARY SCIENCE, HELIOPHYSICS, AND ASTROPHYSICS.  IN PERFORMANCE OF THIS CONTRACT, JPL SHALL:   1) SUPPLY A BROAD BASE OF SCIENTIFIC AND TECHNICAL CAPABILITIES RELEVANT TO NASA PROGRAM AND PROJECT RESPONSIBILITIES AND ASSIGNMENTS. 2) FOSTER ITS UNIQUE RELATIONSHIP WITH A TOP-TIER UNIVERSITY TO FACILITATE THE INVOLVEMENT OF SCIENTISTS, ENGINEERS, AND STUDENTS FROM THE UNIVERSITY AND RESEARCH COMMUNITIES IN NASA MISSION AND IN SUPPORTING OTHER GOVERNMENT AGENCIES. 3) SUPPORT NASA IN ENABLING PROGRAM AND INSTITUTIONAL CAPABILITIES. 4) DEVELOP SPACECRAFT AND INSTRUMENTS THAT ARE SENT TO VARIOUS DESTINATIONS WITH OUR SOLAR SYSTEM, INCLUDING EARTH ORBIT, PLANETS, PLANETARY SATELLITES, ASTEROIDS, AND COMETS.  THESE MISSIONS MAY BE ORBITERS, LANDERS, OR ROVERS, AND TYPICALLY INCLUDE CUTTING-EDGE TECHNOLOGIES REQUIRED TO MEET SCIENTIFIC REQUIREMENTS. 5) PERFORM PROJECT TASKS INVOLVING: (I) AUTONOMOUS DEEP-SPACE, INNER-SPACE AND EARTH-ORBITING SPACECRAFT OR MAJOR SUBSYSTEMS, (II) EXPERIMENTS, INSTRUMENTS, OR OTHER DEVICES WHICH MAY BE CARRIED AS PAYLOAD ON SPACECRAFTS IN MISSIONS MANAGED BY OTHERS, AND/OR (III) GROUND-BASED SYSTEMS. 6) BEYOND ITS PRIMARY MISSION, JPL MAY PERFORM WORK FOR OTHER NASA MISSION DIRECTORATES OR OFFICES. 7) JPL IS ALSO RESPONSIBLE FOR THE OPERATION, RESEARCH, TECHNOLOGY INSERTION, AND MANAGEMENT OF NASA S DEEP SPACE NETWORK TO PROVIDE TELECOMMUNICATION AND OPERATION SERVICES, INCLUDING DATA ACQUISITION AND DATA DELIVERY REQUIRED TO MEET ESTABLISHED AGENCY OBJECTIVES. 8) JPL IS ALSO REQUIRED TO MAINTAIN AND CONDUCT AN EDUCATION PROGRAM IN CLOSE COORDINATION WITH THE NASA HEADQUARTERS EDUCATION OFFICE, THE ACADEMIC COMMUNITY AT LARGE, AND IN SUPPORT TO NASA STRATEGIC OBJECTIVES TO IMPROVE STUDENT RETENTION IN THE SCIENCE, TECHNOLOGY, ENGINEERING, AND MATHEMATICS (STEM) DISCIPLINES.   WORK FOR NON-NASA SPONSORS:  JPL MAY PERFORM WORK FOR NON-NASA SPONSORS.  THIS WORK WILL BE DESIGNATED IN TASK ORDERS ISSUED BY NMO CONTRACTING OFFICERS BASED ON TASK PLANS INITIATED BY THE CONTRACTOR.",2018-10-01,2028-09-30,862,national-aeronautics-and-space-administration,CONT_AWD_80NM0018F0850_8000_80NM0018D0004_8000
298582895,FA870219F0001,MASSACHUSETTS INSTITUTE OF TECHNOLOGY,1430817332.88,Department of Defense,Department of the Air Force,,IGF::OT::IGF MASSACHUSETTS INSTITUTE OF TECHNOLOGY: LINCOLN LABORATORY - RESEARCH AND DEVELOPMENT,2019-02-26,2030-02-28,1173,department-of-defense,CONT_AWD_FA870219F0001_9700_FA870215D0001_9700
311423790,NNM04AA02C,SCIENCE APPLICATIONS INTERNATIONAL CORPORATION,1408527082.88,National Aeronautics and Space Administration,National Aeronautics and Space Administration,,UNIFIED NASA INFORMATION TECHNOLOGY SERVICES (UNITES),2004-01-01,2012-02-21,862,national-aeronautics-and-space-administration,CONT_AWD_NNM04AA02C_8000_-NONE-_-NONE-
311433721,NNN13D496T,CALIFORNIA INSTITUTE OF TECHNOLOGY,1403381590.45,National Aeronautics and Space Administration,National Aeronautics and Space Administration,,"IGF::CL::IGF 2020 MARS SCIENCE ROVER PROJECT - PHASE A THE CONTRACT IS THE SPONSORING AGREEMENT BETWEEN THE NATIONAL AERONAUTICS AND SPACE ADMINISTRATION (NASA) AND THE CALIFORNIA INSTITUTE OF TECHNOLOGY (CONTRACTOR), A PRIVATE NONPROFIT EDUCATIONAL INSTITUTION, WHICH ESTABLISHES THE RELATIONSHIP FOR THE OPERATION OF THE FEDERALLY FUNDED RESEARCH AND DEVELOPMENT CENTER (FFRDC) KNOWN AS THE JET PROPULSION LABORATORY. THE CONTRACTOR, JPL, IS REQUIRED TO PERFORM WORK THAT IS DESIGNATED IN TASK ORDERS ISSUED BY THE NASA MANAGEMENT OFFICE (NMO) CONTRACTING OFFICERS. NASA - SPONSORED WORK: JPL'S PRIMARY MISSION IS TO SUPPORT THE NASA SCIENCE MISSION DIRECTORATE (SMD) IN CARRYING OUT THE SPECIFIC OBJECTIVES IDENTIFIED IN THE SMD SCIENCE PLAN. THE FOUR BROAD SCIENTIFIC AREAS ARE: EARTH SCIENCE, PLANETARY SCIENCE, HELIOPHYSICS, AND ASTROPHYSICS. IN PERFORMANCE OF THIS CONTRACT, JPL SHALL: 1) SUPPLY A BROAD BASE OF SCIENTIFIC AND TECHNICAL CAPABILITIES RELEVANT TO NASA PROGRAM AND PROJECT RESPONSIBILITIES AND ASSIGNMENTS. 2) FOSTER ITS UNIQUE RELATIONSHIP WITH A TOP-TIER UNIVERSITY TO FACILITATE THE INVOLVEMENT OF SCIENTISTS, ENGINEERS, AND STUDENTS FROM THE UNIVERSITY AND RESEARCH COMMUNITIES IN NASA MISSION AND IN SUPPORTING OTHER GOVERNMENT AGENCIES. 3) SUPPORT NASA IN ENABLING PROGRAM AND INSTITUTIONAL CAPABILITIES. 4) DEVELOP SPACECRAFT AND INSTRUMENTS THAT ARE SENT TO VARIOUS DESTINATIONS WITH OUR SOLAR SYSTEM, INCLUDING EARTH ORBIT, PLANETS, PLANETARY SATELLITES, ASTEROIDS, AND COMETS. THESE MISSIONS MAY BE ORBITERS, LANDERS, OR ROVERS, AND TYPICALLY INCLUDE CUTTING-EDGE TECHNOLOGIES REQUIRED TO MEET SCIENTIFIC REQUIREMENTS. 5) PERFORM PROJECT TASKS INVOLVING: (I) AUTONOMOUS DEEP-SPACE, INNER-SPACE AND EARTH-ORBITING SPACECRAFT OR MAJOR SUBSYSTEMS, (II) EXPERIMENTS, INSTRUMENTS, OR OTHER DEVICES WHICH MAY BE CARRIED AS PAYLOAD ON SPACECRAFTS IN MISSIONS MANAGED BY OTHERS, AND/OR (III) GROUND-BASED SYSTEMS. 6) BEYOND ITS PRIMARY MISSION, JPL MAY PERFORM WORK FOR OTHER NASA MISSION DIRECTORATES OR OFFICES. 7) JPL IS ALSO RESPONSIBLE FOR THE OPERATION, RESEARCH, TECHNOLOGY INSERTION, AND MANAGEMENT OF NASA S DEEP SPACE NETWORK TO PROVIDE TELECOMMUNICATION AND OPERATION SERVICES, INCLUDING DATA ACQUISITION AND DATA DELIVERY REQUIRED TO MEET ESTABLISHED AGENCY OBJECTIVES. 8) JPL IS ALSO REQUIRED TO MAINTAIN AND CONDUCT AN EDUCATION PROGRAM IN CLOSE COORDINATION WITH THE NASA HEADQUARTERS EDUCATION OFFICE, THE ACADEMIC COMMUNITY AT LARGE, AND IN SUPPORT TO NASA STRATEGIC OBJECTIVES TO IMPROVE STUDENT RETENTION IN THE SCIENCE, TECHNOLOGY, ENGINEERING, AND MATHEMATICS (STEM) DISCIPLINES. WORK FOR NON-NASA SPONSORS: JPL MAY PERFORM WORK FOR NON-NASA SPONSORS. THIS WORK WILL BE DESIGNATED IN TASK ORDERS ISSUED BY NMO CONTRACTING OFFICERS BASED ON TASK PLANS INITIATED BY THE CONTRACTOR.",2013-07-24,2020-09-27,862,national-aeronautics-and-space-administration,CONT_AWD_NNN13D496T_8000_NNN12AA01C_8000
311312959,NMO710820,CALIFORNIA INSTITUTE OF TECHNOLOGY,1399491608.19,National Aeronautics and Space Administration,National Aeronautics and Space Administration,,DEEP SPACE NETWORK,2003-09-30,2012-09-30,862,national-aeronautics-and-space-administration,CONT_AWD_NMO710820_8000_NAS703001_8000
279969328,36C10B21N10070021,BOOZ ALLEN HAMILTON INC,1365285599.63,Department of Veterans Affairs,Department of Veterans Affairs,,TRANSFORMATION TWENTY-ONE TOTAL TECHNOLOGY NEXT GENERATION (T4NG) TASK ORDER - BENEFITS INTEGRATED DELIVERY,2021-05-17,2026-05-18,561,department-of-veterans-affairs,CONT_AWD_36C10B21N10070021_3600_VA11816D1007_3600
291817638,80NM0018F0616,CALIFORNIA INSTITUTE OF TECHNOLOGY,1283721680.01,National Aeronautics and Space Administration,National Aeronautics and Space Administration,,"M2020 MARS SCIENCE ROVER PROJECT-PHASE A-D 60-19107  THE CONTRACT IS THE SPONSORING AGREEMENT BETWEEN THE NATIONAL AERONAUTICS AND SPACE ADMINISTRATION NASA AND THE CALIFORNIA INSTITUTE OF TECHNOLOGY-CONTRACTOR, A PRIVATE NONPROFIT EDUCATIONAL INSTITUTION, WHICH ESTABLISHES THE RELATIONSHIP FOR THE OPERATION OF THE FEDERALLY FUNDED RESEARCH AND DEVELOPMENT CENTER-FFRDC KNOWN AS THE JET PROPULSION LABORATORY. THE CONTRACTOR, JPL, IS REQUIRED TO PERFORM WORK THAT IS DESIGNATED IN TASK ORDERS ISSUED BY THE NASA MANAGEMENT OFFICE-NMO CONTRACTING OFFICERS. NASA-SPONSORED WORK: JPLS PRIMARY MISSION IS TO SUPPORT THE NASA SCIENCE MISSION DIRECTORATE-SMD IN CARRYING OUT THE SPECIFIC OBJECTIVES IDENTIFIED IN THE SMD SCIENCE PLAN.  THE FOUR BROAD SCIENTIFIC AREAS ARE: EARTH SCIENCE, PLANETARY SCIENCE, HELIOPHYSICS, AND ASTROPHYSICS.  IN PERFORMANCE OF THIS CONTRACT, JPL SHALL: 1. SUPPLY A BROAD BASE OF SCIENTIFIC AND TECHNICAL CAPABILITIES RELEVANT TO NASA PROGRAM AND PROJECT RESPONSIBILITIES AND ASSIGNMENTS. 2. FOSTER ITS UNIQUE RELATIONSHIP WITH A TOP-TIER UNIVERSITY TO FACILITATE THE INVOLVEMENT OF SCIENTISTS, ENGINEERS, AND STUDENTS FROM THE UNIVERSITY AND RESEARCH COMMUNITIES IN NASA MISSION AND IN SUPPORTING OTHER GOVERNMENT AGENCIES. 3. SUPPORT NASA IN ENABLING PROGRAM AND INSTITUTIONAL CAPABILITIES. 4. DEVELOP SPACECRAFT AND INSTRUMENTS THAT ARE SENT TO VARIOUS DESTINATIONS WITH OUR SOLAR SYSTEM, INCLUDING EARTH ORBIT, PLANETS, PLANETARY SATELLITES, ASTEROIDS, AND COMETS.  THESE MISSIONS MAY BE ORBITERS, LANDERS, OR ROVERS, AND TYPICALLY INCLUDE CUTTING-EDGE TECHNOLOGIES REQUIRED TO MEET SCIENTIFIC REQUIREMENTS. 5. PERFORM PROJECT TASKS INVOLVING: I-AUTONOMOUS DEEP-SPACE, INNER-SPACE AND EARTH-ORBITING SPACECRAFT OR MAJOR SUBSYSTEMS, II-EXPERIMENTS, INSTRUMENTS, OR OTHER DEVICES WHICH MAY BE CARRIED AS PAYLOAD ON SPACECRAFTS IN MISSIONS MANAGED BY OTHERS, AND-OR III-GROUND-BASED SYSTEMS. 6. BEYOND ITS PRIMARY MISSION, JPL MAY PERFORM WORK FOR OTHER NASA MISSION DIRECTORATES OR OFFICES. 7. JPL IS ALSO RESPONSIBLE FOR THE OPERATION, RESEARCH, TECHNOLOGY INSERTION, AND MANAGEMENT OF NASAS DEEP SPACE NETWORK TO PROVIDE TELECOMMUNICATION AND OPERATION SERVICES, INCLUDING DATA ACQUISITION AND DATA DELIVERY REQUIRED TO MEET ESTABLISHED AGENCY OBJECTIVES. 8. JPL IS ALSO REQUIRED TO MAINTAIN AND CONDUCT AN EDUCATION PROGRAM IN CLOSE COORDINATION WITH THE NASA HEADQUARTERS EDUCATION OFFICE, THE ACADEMIC COMMUNITY AT LARGE, AND IN SUPPORT TO NASA STRATEGIC OBJECTIVES TO IMPROVE STUDENT RETENTION IN THE SCIENCE, TECHNOLOGY, ENGINEERING, AND MATHEMATICS-STEM DISCIPLINES. WORK FOR NON-NASA SPONSORS:  JPL MAY PERFORM WORK FOR NON-NASA SPONSORS.  THIS WORK WILL BE DESIGNATED IN TASK ORDERS ISSUED BY NMO CONTRACTING OFFICERS BASED ON TASK PLANS INITIATED BY THE CONTRACTOR.",2018-10-01,2028-09-24,862,national-aeronautics-and-space-administration,CONT_AWD_80NM0018F0616_8000_80NM0018D0004_8000
297880460,FA248616C0002,"RELIANCE TEST & TECHNOLOGY, LLC",1259959813.46,Department of Defense,Department of the Air Force,,IGF::OT::IGF EGLIN - OPERATION&MAINTENANCE SERVICES (E-OMS),2016-04-01,2026-03-31,1173,department-of-defense,CONT_AWD_FA248616C0002_9700_-NONE-_-NONE-
312016827,SAQMMA12C0130,"GENERAL DYNAMICS INFORMATION TECHNOLOGY, INC.",1219847693.56,Department of State,Department of State,,"IGF::OT::IGF THE PURPOSE OF THIS ACTION IS TO ESTABLISH A NEW CONTRACT WITH GENERAL DYNAMICS INFORMATION TECHNOLOGY FOR GLOBAL SUPPLY CHAIN MANAGEMENT, LOGISTICS AND TECHNOLOGY DEVELOPMENT SERVICES TO SUPPORT THE DEPARTMENT OF STATE. THE INITIAL FUNDING ASSOCIATED WITH THIS CONTRACT IS $22,304,578.00. THE OVERALL CONTRACT VALUE IS $2,200,000,000.00",2012-06-08,2019-09-07,315,department-of-state,CONT_AWD_SAQMMA12C0130_1900_-NONE-_-NONE-
279969338,36C10B21N10150056,BOOZ ALLEN HAMILTON INC,1139008033.13,Department of Veterans Affairs,Department of Veterans Affairs,,"PRODUCT AND TECHNOLOGY ECOSYSTEM MANAGEMENT SERVICES (PTEMS)WHICH INCLUDES PRODUCT DELIVERY AND LIFECYCLE MANAGEMENT TO TRANSFORM VA BY TAPPING INTO EMERGING TECHNOLOGIES, CONNECTING DEVELOPERS WITH VA DATA, AND MAKING HUMAN CENTERED DESIGN (HCD).",2021-01-08,2025-04-15,561,department-of-veterans-affairs,CONT_AWD_36C10B21N10150056_3600_VA11816D1015_3600
295475802,DEAC0207CH11358,IOWA STATE UNIVERSITY OF SCIENCE AND TECHNOLOGY,1099562782.26,Department of Energy,Department of Energy,,MULTI-PROGRAM NATIONAL PHYSICAL RESEARCH INCLUDING RARE EARTHS AND USE OF AMES MPC.,2006-12-04,2026-12-31,930,department-of-energy,CONT_AWD_DEAC0207CH11358_8900_-NONE-_-NONE-
311353225,NNG04DA00C,HONEYWELL TECHNOLOGY SOLUTIONS INC.,1095544578.03,National Aeronautics and Space Administration,National Aeronautics and Space Administration,,"NASA GODDARD SPACE FLIGHT CENTER S (GSFC) GOAL FOR THE NEAR EARTH NETWORKS SERVICES CONTRACT (NENS) IS TO ENABLE MISSION SUCCESS FOR EVERY CUSTOMER USING NENS SERVICES. IN ORDER TO SUPPORT THIS GOAL, THE NENS CONTRACTOR SHALL PROVIDE THE AGENCY WITH SERVICES THAT ARE HIGHLY RELIABLE AND AFFORDABLE AND CONTRIBUTE TO THE SAFE OPERATION OF THE MISSION. THE CONTRACTOR SHALL IMPLEMENT A SAFETY, HEALTH, AND MISSION ASSURANCE PROGRAM THAT PROVIDES A SAFE AND HEALTHY WORK ENVIRONMENT, MINIMIZES PROGRAM RISK, AND MAXIMIZES NASA MISSION SUCCESS.",2003-10-09,2011-04-08,862,national-aeronautics-and-space-administration,CONT_AWD_NNG04DA00C_8000_-NONE-_-NONE-
272926535,0010,MASSACHUSETTS INSTITUTE OF TECHNOLOGY,1033255045.04,Department of Defense,Department of the Air Force,,IGF::OT::IGF MIT LL NON-SEVERABLE TASK ORDER PROGRAM 1815,2016-07-14,2030-02-28,1173,department-of-defense,CONT_AWD_0010_9700_FA870215D0001_9700
311379205,NNG17CR69C,SCIENCE APPLICATIONS INTERNATIONAL CORPORATION,1025846137.9,National Aeronautics and Space Administration,National Aeronautics and Space Administration,,"IGF::OT::IGF  THIS EFFORT IS FOR A FOLLOW ON PROCUREMENT REQUIREMENT.  THE NAME OF THIS PROCUREMENT IS THE OMNIBUS MULTIDISCIPLINE ENGINEERING SERVICES (OMES) II.  THE PRINCIPAL PURPOSE OF THIS CONTRACT IS TO PROVIDE MULTIDISCIPLINE ENGINEERING SUPPORT SERVICES AND RELATED WORK TO EED, ISTD, SED, MSD, MESA, JPSS, SSCO, AND RELATED ORGANIZATIONS, AS REQUIRED, FOR THE STUDY, DESIGN, SYSTEMS ENGINEERING, DEVELOPMENT, FABRICATION, INTEGRATION, TESTING, VERIFICATION, AND OPERATIONS OF SPACE FLIGHT, AIRBORNE, AND GROUND SYSTEM HARDWARE AND SOFTWARE, INCLUDING DEVELOPMENT AND VALIDATION OF NEW TECHNOLOGIES TO ENABLE FUTURE SPACE AND SCIENCE MISSIONS.  TO THIS END, THE CONTRACTOR SHALL PROVIDE ON/OFF-SITE MULTIDISCIPLINE ENGINEERING SERVICES, PURSUANT TO TASK ORDERS ISSUED BY THE CONTRACTING OFFICER.  THESE SERVICES SHALL INCLUDE THE PERSONNEL, FACILITIES, AND MATERIALS (UNLESS OTHERWISE PROVIDED BY THE GOVERNMENT) TO ACCOMPLISH THE TASKS.  TRAVEL MAY BE REQUIRED BY THE CONTRACTOR TO SUPPORT CERTAIN TASK ORDERS, THESE TRAVEL REQUIREMENTS WILL BE IDENTIFIED ON A TASK BY TASK BASIS.",2017-07-01,2023-11-30,862,national-aeronautics-and-space-administration,CONT_AWD_NNG17CR69C_8000_-NONE-_-NONE-
298582893,FA870218F0004,MASSACHUSETTS INSTITUTE OF TECHNOLOGY,1016828991.9,Department of Defense,Department of the Air Force,,IGF::OT::IGF MASSACHUSETTS INSTITUTE OF TECHNOLOGY: LINCOLN LABORATORY - RESEARCH AND DEVELOPMENT,2018-06-14,2030-02-28,1173,department-of-defense,CONT_AWD_FA870218F0004_9700_FA870215D0001_9700
291494122,75A50123F61004,ADVANCED TECHNOLOGY INTERNATIONAL,1010801807.0,Department of Health and Human Services,Office of Assistant Secretary for Preparedness and Response,,OT TASK ORDER 4,2023-09-29,2030-12-31,806,department-of-health-and-human-services,CONT_AWD_75A50123F61004_7505_75A50123D00005_7505
298584578,FA872112C0007,MASSACHUSETTS INSTITUTE OF TECHNOLOGY,1009861023.58,Department of Defense,Department of the Air Force,,MIT LL CONTINUATION CONTRACT,2011-12-06,2012-08-06,1173,department-of-defense,CONT_AWD_FA872112C0007_9700_-NONE-_-NONE-
306298765,H9222217F0069,"AMENTUM TECHNOLOGY, INC.",979192262.73,Department of Defense,U.S. Special Operations Command,,IGF::CT::IGF ENTERPRISE CORE SERVICES (ENDURING),2017-02-24,2023-09-30,1173,department-of-defense,CONT_AWD_H9222217F0069_9700_GS00Q09BGD0059_4735
281082087,47QFCA18F0067,HII MISSION TECHNOLOGIES CORP,934542971.29,General Services Administration,Federal Acquisition Service,,"IGF::OT::IGF TASK ORDER (TO) 47QFCA18F0067 IS HEREBY AWARDED TO ALION SCIENCE AND TECHNOLOGY CORPORATION TO PROVIDE CONTRACTOR SUPPORT TO THE JOINT CAPABILITY EMBEDDED TECHNOLOGY INSERTION AND INTEGRATION (JCETII) REMOTE SENSING CENTER (RSC) WITHIN THE NATIONAL CAPITAL REGION (NCR). THE PERIOD OF PERFORMANCE FOR THIS TO WILL BE SEPTEMBER 28, 2018 THROUGH SEPTEMBER 27, 2023. THE TOTAL VALUE OF THE TO WILL BE $769,178,979.",2018-09-28,2023-11-30,614,general-services-administration,CONT_AWD_47QFCA18F0067_4732_GS00Q14OADU401_4732
295510291,DEDT0003376,ACTIONET INC,925642845.11,Department of Energy,Department of Energy,,OCIO OPERATIONAL INFORMATION TECHNOLOGY SUPPORT SERVICES IN ACCORDANCE WITH THE STATEMENT OF WORK IN DE-DT0003143 HEREOF. (PROPOSAL REQUIREMENTS ARE SET FORTH IN THE ATTACHMENTS HERETO.),2012-04-03,2019-07-12,930,department-of-energy,CONT_AWD_DEDT0003376_8900_GS06F0594Z_4730
291528369,75FCMC20F0080,"GENERAL DYNAMICS INFORMATION TECHNOLOGY, INC.",902031452.0,Department of Health and Human Services,Centers for Medicare and Medicaid Services,,CLOUD PRODUCTS&TOOLS (CPT),2020-09-01,2025-06-30,806,department-of-health-and-human-services,CONT_AWD_75FCMC20F0080_7530_GS35F393CA_4732
272194285,0002,MASSACHUSETTS INSTITUTE OF TECHNOLOGY,898033663.71,Department of Defense,Department of the Air Force,,IGF::OT::IGF TASK ORDER 0002,2015-05-20,2030-02-28,1173,department-of-defense,CONT_AWD_0002_9700_FA870215D0001_9700
311433444,NNN10AA08T,THE JOHNS HOPKINS UNIVERSITY APPLIED PHYSICS LABORATORY LLC,894500235.0,National Aeronautics and Space Administration,National Aeronautics and Space Administration,,"SOLAR PROBE PLUS (SPP) PHASE A ACTIVITIES  THE CONTRACTOR SHALL PERFORM THE WORK THAT IS DESIGNATED IN TASK ORDERS ISSUED BY THE CONTRACTING OFFICER.     THE OVERALL SCOPE OF WORK TO BE PERFORMED WILL SUPPORT ALL OF NASA'S MISSION DIRECTORATES. THESE EFFORTS CAN BE CHARACTERIZED AS AEROSPACE RESEARCH, DEVELOPMENT, AND ENGINEERING SUPPORT (ARDES). THE GENERAL NATURE OF THE TASKS TO BE DEVELOPED WILL BE TO CONDUCT SUPPORTING RESEARCH AND ADVANCED TECHNOLOGY DEVELOPMENT DESIGNED TO MAKE CONTRIBUTIONS TO SPACE SCIENCE AND SPACE EXPLORATION AND ASSIST NASA IN THE FORMULATION AND EXECUTION OF ITS PROGRAMS BY PROVIDING NASA WITH TECHNICAL ADVICE, STUDIES, AND REPORTS OF INVESTIGATIONS. EFFORTS UNDERTAKEN BY THE CONTRACTOR, IN THE PERFORMANCE OF THE ASSIGNED TASKS, WHICH INCLUDE TECHNOLOGY TRANSFER, PARTNERING AND COMMERCIALIZATION ACTIVITIES, SHALL SEEK TO ENHANCE THE VALUE AND CONTRIBUTION OF TECHNOLOGY TO THE NATION S TECHNOLOGICAL COMPETITIVENESS, PROSPERITY, QUALITY OF LIFE, AND OTHER NATIONAL PRIORITIES.   INDIVIDUAL TASK ORDERS WILL FALL WITHIN ONE OF TWO BROAD CATEGORIES:  1)  ESSENTIAL RESEARCH CAPABILITY OF SPACE SYSTEMS ENGINEERING, AND RELATED WORK IN THE SUPPORTING ESSENTIAL RESEARCH CAPABILITIES OF SYSTEMS TEST AND EVALUATION, INFORMATION TECHNOLOGY, AND SIMULATION, MODELING AND OPERATIONS ANALYSIS.  TASK ORDERS WITHIN THE CATEGORY OF ESSENTIAL RESEARCH CAPABILITIES ARE INTENDED TO PRESERVE THE NATION S CAPABILITIES TO PERFORM ROBOTIC SPACE MISSIONS OVER THE FULL MISSION LIFE CYCLE FROM CONCEPT FORMULATION THROUGH MISSION OPERATIONS AND DATA ANALYSIS. NASA IS CONTRACTING FOR SUPPORT IN SEVERAL KEY RESEARCH, ENGINEERING AND DEVELOPMENT COMPETENCIES THAT ARE FUNDAMENTAL TO THE PERFORMANCE OF THESE MISSIONS.   2) OTHER AEROSPACE RESEARCH, DEVELOPMENT, AND ENGINEERING SUPPORT.  TASK ORDERS WITHIN THE CATEGORY OF OTHER AEROSPACE RESEARCH, DEVELOPMENT AND ENGINEERING SUPPORT ARE INTENDED TO INCLUDE A BROAD BASE OF SCIENTIFIC AND TECHNICAL CAPABILITIES RELEVANT TO NASA PROGRAM RESPONSIBILITIES AND ASSIGNMENTS.   REGARDLESS OF CATEGORY, TASK ORDERS MAY BE ISSUED RELATED TO AUTONOMOUS DEEP-SPACE AND EARTH-ORBITING SPACECRAFT OR MAJOR SUBSYSTEMS, EXPERIMENTS, INSTRUMENTS OR OTHER DEVICES THAT MAY BE CARRIED AS PAYLOADS ON THE SPACE SHUTTLE OR ON OTHER SPACECRAFT. TASK ASSIGNMENTS WILL EXPLICITLY DESCRIBE A BROAD RANGE OF HARDWARE, SOFTWARE, SYSTEMS ENGINEERING, SCIENTIFIC ANALYSIS, AND MANAGEMENT EFFORTS INCLUDING PROGRAM AND PROJECT MANAGEMENT AND ADMINISTRATION.",2010-05-17,2026-03-31,862,national-aeronautics-and-space-administration,CONT_AWD_NNN10AA08T_8000_NNN06AA01C_8000
306880587,HHSM500T0001,"GENERAL DYNAMICS INFORMATION TECHNOLOGY, INC.",879118472.6,Department of Health and Human Services,Centers for Medicare and Medicaid Services,,BENEFICIARY CONTACT CENTER OPERATIONS,2009-06-01,2013-05-31,806,department-of-health-and-human-services,CONT_AWD_HHSM500T0001_7530_HHSM500200700001I_7530
311424993,NNM05AB50C,"AMENTUM TECHNOLOGY, INC.",874005781.31,National Aeronautics and Space Administration,National Aeronautics and Space Administration,,ENGINEERING SCIENCE AND TECHNOLOGY,2005-10-15,2013-09-30,862,national-aeronautics-and-space-administration,CONT_AWD_NNM05AB50C_8000_-NONE-_-NONE-
311986538,SAQMMA08F4761,DYNCORP INTERNATIONAL LLC,864995760.6,Department of State,Department of State,,"PROVIDE ADVISORS AND SUPPORT SERVICES (LIFE AND MISSION SUPPORT, SECURITY SERVICES, INFORMATION TECHNOLOGY (IT) AND COMMUNICATIONS SUPPORT SERVICES) IN SUPPORT OF THE IRAQ CRIMINAL JUSTICE DEVELOPMENT PROGRAM AS DIRECTED BY THE BUREAU FOR INTERNATIONAL NARCOTICS AND LAW ENFORCEMENT AFFAIRS (INL) OF THE U.S. DEPARTMENT OF STATE",2008-06-17,2013-01-31,315,department-of-state,CONT_AWD_SAQMMA08F4761_1900_SLMAQM04C0030_1900
298582885,FA870217F0001,MASSACHUSETTS INSTITUTE OF TECHNOLOGY,857760558.82,Department of Defense,Department of the Air Force,,IGF::OT::IGF MASSACHUSETTS INSTITUTE OF TECHNOLOGY LINCOLN LABORATORY RESEARCH AND DEVELOPMENT,2016-10-18,2030-02-28,1173,department-of-defense,CONT_AWD_FA870217F0001_9700_FA870215D0001_9700
291817974,80NM0020F0054,CALIFORNIA INSTITUTE OF TECHNOLOGY,855854941.0,National Aeronautics and Space Administration,National Aeronautics and Space Administration,,NEAR EARTH OBJECT SURVEYOR (NEO SURVEYOR) PROJECT (71-107722),2020-06-22,2027-10-31,862,national-aeronautics-and-space-administration,CONT_AWD_80NM0020F0054_8000_80NM0018D0004_8000
292112757,91003119F0003,ACCENTURE FEDERAL SERVICES LLC,851451883.41,Department of Education,Department of Education,,"THIS TASK ORDER IS FOR AN ENTERPRISE-WIDE DIGITAL AND CUSTOMER CARE PLATFORMS AND SERVICES SOLUTION (ENTERPRISE-WIDE DIGITAL AND CUSTOMER CARE SOLUTION, AKA EWDCCPS, AKA DCC) THAT WILL ENABLE AN FSA-BRANDED OMNI-CHANNEL ENGAGEMENT APPROACH LED BY A MOBILE-FIRST, MOBILE-COMPLETE, AND MOBILE-CONTINUOUS DIGITAL PLATFORM SUPPORTING THE COMPLETE LIFECYCLE OF STUDENT FINANCING.",2019-02-20,2027-02-19,1068,department-of-education,CONT_AWD_91003119F0003_9100_HHSN316201200002W_7529
281082256,47QFCA21F0051,"GENERAL DYNAMICS INFORMATION TECHNOLOGY, INC.",832284110.57,General Services Administration,Federal Acquisition Service,,AWARD OF TASK ORDER 47QFCA210051-NAWCAD WOLF SHIP AND AIR C5ISR SYSTEMS SUPPORT,2021-07-01,2026-06-30,614,general-services-administration,CONT_AWD_47QFCA21F0051_4732_GS00Q14OADU317_4732
298582880,FA870215C0007,MASSACHUSETTS INSTITUTE OF TECHNOLOGY,830466076.58,Department of Defense,Department of the Air Force,,IGF::CT::IGF MIT-LL FY 15 CONTINUATION CONTRACT,2014-10-16,2020-03-31,1173,department-of-defense,CONT_AWD_FA870215C0007_9700_-NONE-_-NONE-
279968353,36C10B19N10070015,BOOZ ALLEN HAMILTON INC,826583511.86,Department of Veterans Affairs,Department of Veterans Affairs,,IGF::OT::IGF  INFORMATION TECHNOLOGY OPERATIONS AND SERVICES TRANSFORMATION SUPPORT SERVICES,2019-05-17,2025-01-22,561,department-of-veterans-affairs,CONT_AWD_36C10B19N10070015_3600_VA11816D1007_3600
272636840,0006,MASSACHUSETTS INSTITUTE OF TECHNOLOGY,823242235.41,Department of Defense,Department of the Air Force,,IGF::OT::IGF ADD MIT-LL PROJECT 2739,2015-08-27,2030-02-28,1173,department-of-defense,CONT_AWD_0006_9700_FA870215D0001_9700
298584561,FA872110C0007,MASSACHUSETTS INSTITUTE OF TECHNOLOGY,814275916.5,Department of Defense,Department of the Air Force,,CONTINUED CONTRACT (LINCOLN LAB),2010-03-30,2018-03-31,1173,department-of-defense,CONT_AWD_FA872110C0007_9700_-NONE-_-NONE-
311433765,NNN13D820T,CALIFORNIA INSTITUTE OF TECHNOLOGY,809723369.19,National Aeronautics and Space Administration,National Aeronautics and Space Administration,,"IGF::CL::IGF DEEP SPACE NETWORK THE CONTRACT IS THE SPONSORING AGREEMENT BETWEEN THE NATIONAL AERONAUTICS AND SPACE ADMINISTRATION (NASA) AND THE CALIFORNIA INSTITUTE OF TECHNOLOGY (CONTRACTOR), A PRIVATE NONPROFIT EDUCATIONAL INSTITUTION, WHICH ESTABLISHES THE RELATIONSHIP FOR THE OPERATION OF THE FEDERALLY FUNDED RESEARCH AND DEVELOPMENT CENTER (FFRDC) KNOWN AS THE JET PROPULSION LABORATORY. THE CONTRACTOR, JPL, IS REQUIRED TO PERFORM WORK THAT IS DESIGNATED IN TASK ORDERS ISSUED BY THE NASA MANAGEMENT OFFICE (NMO) CONTRACTING OFFICERS. NASA - SPONSORED WORK: JPL'S PRIMARY MISSION IS TO SUPPORT THE NASA SCIENCE MISSION DIRECTORATE (SMD) IN CARRYING OUT THE SPECIFIC OBJECTIVES IDENTIFIED IN THE SMD SCIENCE PLAN. THE FOUR BROAD SCIENTIFIC AREAS ARE: EARTH SCIENCE, PLANETARY SCIENCE, HELIOPHYSICS, AND ASTROPHYSICS. IN PERFORMANCE OF THIS CONTRACT, JPL SHALL: 1) SUPPLY A BROAD BASE OF SCIENTIFIC AND TECHNICAL CAPABILITIES RELEVANT TO NASA PROGRAM AND PROJECT RESPONSIBILITIES AND ASSIGNMENTS. 2) FOSTER ITS UNIQUE RELATIONSHIP WITH A TOP-TIER UNIVERSITY TO FACILITATE THE INVOLVEMENT OF SCIENTISTS, ENGINEERS, AND STUDENTS FROM THE UNIVERSITY AND RESEARCH COMMUNITIES IN NASA MISSION AND IN SUPPORTING OTHER GOVERNMENT AGENCIES. 3) SUPPORT NASA IN ENABLING PROGRAM AND INSTITUTIONAL CAPABILITIES. 4) DEVELOP SPACECRAFT AND INSTRUMENTS THAT ARE SENT TO VARIOUS DESTINATIONS WITH OUR SOLAR SYSTEM, INCLUDING EARTH ORBIT, PLANETS, PLANETARY SATELLITES, ASTEROIDS, AND COMETS. THESE MISSIONS MAY BE ORBITERS, LANDERS, OR ROVERS, AND TYPICALLY INCLUDE CUTTING-EDGE TECHNOLOGIES REQUIRED TO MEET SCIENTIFIC REQUIREMENTS. 5) PERFORM PROJECT TASKS INVOLVING: (I) AUTONOMOUS DEEP-SPACE, INNER-SPACE AND EARTH-ORBITING SPACECRAFT OR MAJOR SUBSYSTEMS, (II) EXPERIMENTS, INSTRUMENTS, OR OTHER DEVICES WHICH MAY BE CARRIED AS PAYLOAD ON SPACECRAFTS IN MISSIONS MANAGED BY OTHERS, AND/OR (III) GROUND-BASED SYSTEMS. 6) BEYOND ITS PRIMARY MISSION, JPL MAY PERFORM WORK FOR OTHER NASA MISSION DIRECTORATES OR OFFICES. 7) JPL IS ALSO RESPONSIBLE FOR THE OPERATION, RESEARCH, TECHNOLOGY INSERTION, AND MANAGEMENT OF NASA S DEEP SPACE NETWORK TO PROVIDE TELECOMMUNICATION AND OPERATION SERVICES, INCLUDING DATA ACQUISITION AND DATA DELIVERY REQUIRED TO MEET ESTABLISHED AGENCY OBJECTIVES. 8) JPL IS ALSO REQUIRED TO MAINTAIN AND CONDUCT AN EDUCATION PROGRAM IN CLOSE COORDINATION WITH THE NASA HEADQUARTERS EDUCATION OFFICE, THE ACADEMIC COMMUNITY AT LARGE, AND IN SUPPORT TO NASA STRATEGIC OBJECTIVES TO IMPROVE STUDENT RETENTION IN THE SCIENCE, TECHNOLOGY, ENGINEERING, AND MATHEMATICS (STEM) DISCIPLINES. WORK FOR NON-NASA SPONSORS: JPL MAY PERFORM WORK FOR NON-NASA SPONSORS. THIS WORK WILL BE DESIGNATED IN TASK ORDERS ISSUED BY NMO CONTRACTING OFFICERS BASED ON TASK PLANS INITIATED BY THE CONTRACTOR.",2012-10-01,2018-09-30,862,national-aeronautics-and-space-administration,CONT_AWD_NNN13D820T_8000_NNN12AA01C_8000
291817666,80NM0018F0645,CALIFORNIA INSTITUTE OF TECHNOLOGY,807809089.59,National Aeronautics and Space Administration,National Aeronautics and Space Administration,,"PSYCHE: JOURNEY TO A METAL WORLD  THE CONTRACT IS THE SPONSORING AGREEMENT BETWEEN THE NATIONAL AERONAUTICS AND SPACE ADMINISTRATION (NASA) AND THE CALIFORNIA INSTITUTE OF TECHNOLOGY (CONTRACTOR), A PRIVATE NONPROFIT EDUCATIONAL INSTITUTION, WHICH ESTABLISHES THE RELATIONSHIP FOR THE OPERATION OF THE FEDERALLY FUNDED RESEARCH AND DEVELOPMENT CENTER (FFRDC) KNOWN AS THE JET PROPULSION LABORATORY. THE CONTRACTOR, JPL, IS REQUIRED TO PERFORM WORK THAT IS DESIGNATED IN TASK ORDERS ISSUED BY THE NASA MANAGEMENT OFFICE (NMO) CONTRACTING OFFICERS.   NASA - SPONSORED WORK: JPL'S PRIMARY MISSION IS TO SUPPORT THE NASA SCIENCE MISSION DIRECTORATE (SMD) IN CARRYING OUT THE SPECIFIC OBJECTIVES IDENTIFIED IN THE SMD SCIENCE PLAN.  THE FOUR BROAD SCIENTIFIC AREAS ARE: EARTH SCIENCE, PLANETARY SCIENCE, HELIOPHYSICS, AND ASTROPHYSICS.  IN PERFORMANCE OF THIS CONTRACT, JPL SHALL:   1) SUPPLY A BROAD BASE OF SCIENTIFIC AND TECHNICAL CAPABILITIES RELEVANT TO NASA PROGRAM AND PROJECT RESPONSIBILITIES AND ASSIGNMENTS. 2) FOSTER ITS UNIQUE RELATIONSHIP WITH A TOP-TIER UNIVERSITY TO FACILITATE THE INVOLVEMENT OF SCIENTISTS, ENGINEERS, AND STUDENTS FROM THE UNIVERSITY AND RESEARCH COMMUNITIES IN NASA MISSION AND IN SUPPORTING OTHER GOVERNMENT AGENCIES. 3) SUPPORT NASA IN ENABLING PROGRAM AND INSTITUTIONAL CAPABILITIES. 4) DEVELOP SPACECRAFT AND INSTRUMENTS THAT ARE SENT TO VARIOUS DESTINATIONS WITH OUR SOLAR SYSTEM, INCLUDING EARTH ORBIT, PLANETS, PLANETARY SATELLITES, ASTEROIDS, AND COMETS.  THESE MISSIONS MAY BE ORBITERS, LANDERS, OR ROVERS, AND TYPICALLY INCLUDE CUTTING-EDGE TECHNOLOGIES REQUIRED TO MEET SCIENTIFIC REQUIREMENTS. 5) PERFORM PROJECT TASKS INVOLVING: (I) AUTONOMOUS DEEP-SPACE, INNER-SPACE AND EARTH-ORBITING SPACECRAFT OR MAJOR SUBSYSTEMS, (II) EXPERIMENTS, INSTRUMENTS, OR OTHER DEVICES WHICH MAY BE CARRIED AS PAYLOAD ON SPACECRAFTS IN MISSIONS MANAGED BY OTHERS, AND/OR (III) GROUND-BASED SYSTEMS. 6) BEYOND ITS PRIMARY MISSION, JPL MAY PERFORM WORK FOR OTHER NASA MISSION DIRECTORATES OR OFFICES. 7) JPL IS ALSO RESPONSIBLE FOR THE OPERATION, RESEARCH, TECHNOLOGY INSERTION, AND MANAGEMENT OF NASA S DEEP SPACE NETWORK TO PROVIDE TELECOMMUNICATION AND OPERATION SERVICES, INCLUDING DATA ACQUISITION AND DATA DELIVERY REQUIRED TO MEET ESTABLISHED AGENCY OBJECTIVES. 8) JPL IS ALSO REQUIRED TO MAINTAIN AND CONDUCT AN EDUCATION PROGRAM IN CLOSE COORDINATION WITH THE NASA HEADQUARTERS EDUCATION OFFICE, THE ACADEMIC COMMUNITY AT LARGE, AND IN SUPPORT TO NASA STRATEGIC OBJECTIVES TO IMPROVE STUDENT RETENTION IN THE SCIENCE, TECHNOLOGY, ENGINEERING, AND MATHEMATICS (STEM) DISCIPLINES.   WORK FOR NON-NASA SPONSORS:  JPL MAY PERFORM WORK FOR NON-NASA SPONSORS.  THIS WORK WILL BE DESIGNATED IN TASK ORDERS ISSUED BY NMO CONTRACTING OFFICERS BASED ON TASK PLANS INITIATED BY THE CONTRACTOR.",2018-10-01,2028-09-30,862,national-aeronautics-and-space-administration,CONT_AWD_80NM0018F0645_8000_80NM0018D0004_8000
278735135,19AQMM21F2945,SCIENCE APPLICATIONS INTERNATIONAL CORPORATION,805559930.65,Department of State,Department of State,,THE TASK ORDER IS FOR INFORMATION TECHNOLOGY ENGINEERING AND ARCHITECTURE (LEAD INTEGRATOR).,2021-07-30,2025-05-08,315,department-of-state,CONT_AWD_19AQMM21F2945_1900_47QTCK18D0001_4732
311433720,NNN13D494T,CALIFORNIA INSTITUTE OF TECHNOLOGY,796696902.2,National Aeronautics and Space Administration,National Aeronautics and Space Administration,,"IGF::CL::IGF EUROPA CLIPPER PRE-PHASE A THE CONTRACT IS THE SPONSORING AGREEMENT BETWEEN THE NATIONAL AERONAUTICS AND SPACE ADMINISTRATION (NASA) AND THE CALIFORNIA INSTITUTE OF TECHNOLOGY (CONTRACTOR), A PRIVATE NONPROFIT EDUCATIONAL INSTITUTION, WHICH ESTABLISHES THE RELATIONSHIP FOR THE OPERATION OF THE FEDERALLY FUNDED RESEARCH AND DEVELOPMENT CENTER (FFRDC) KNOWN AS THE JET PROPULSION LABORATORY. THE CONTRACTOR, JPL, IS REQUIRED TO PERFORM WORK THAT IS DESIGNATED IN TASK ORDERS ISSUED BY THE NASA MANAGEMENT OFFICE (NMO) CONTRACTING OFFICERS. NASA - SPONSORED WORK: JPL'S PRIMARY MISSION IS TO SUPPORT THE NASA SCIENCE MISSION DIRECTORATE (SMD) IN CARRYING OUT THE SPECIFIC OBJECTIVES IDENTIFIED IN THE SMD SCIENCE PLAN. THE FOUR BROAD SCIENTIFIC AREAS ARE: EARTH SCIENCE, PLANETARY SCIENCE, HELIOPHYSICS, AND ASTROPHYSICS. IN PERFORMANCE OF THIS CONTRACT, JPL SHALL: 1) SUPPLY A BROAD BASE OF SCIENTIFIC AND TECHNICAL CAPABILITIES RELEVANT TO NASA PROGRAM AND PROJECT RESPONSIBILITIES AND ASSIGNMENTS. 2) FOSTER ITS UNIQUE RELATIONSHIP WITH A TOP-TIER UNIVERSITY TO FACILITATE THE INVOLVEMENT OF SCIENTISTS, ENGINEERS, AND STUDENTS FROM THE UNIVERSITY AND RESEARCH COMMUNITIES IN NASA MISSION AND IN SUPPORTING OTHER GOVERNMENT AGENCIES. 3) SUPPORT NASA IN ENABLING PROGRAM AND INSTITUTIONAL CAPABILITIES. 4) DEVELOP SPACECRAFT AND INSTRUMENTS THAT ARE SENT TO VARIOUS DESTINATIONS WITH OUR SOLAR SYSTEM, INCLUDING EARTH ORBIT, PLANETS, PLANETARY SATELLITES, ASTEROIDS, AND COMETS. THESE MISSIONS MAY BE ORBITERS, LANDERS, OR ROVERS, AND TYPICALLY INCLUDE CUTTING-EDGE TECHNOLOGIES REQUIRED TO MEET SCIENTIFIC REQUIREMENTS. 5) PERFORM PROJECT TASKS INVOLVING: (I) AUTONOMOUS DEEP-SPACE, INNER-SPACE AND EARTH-ORBITING SPACECRAFT OR MAJOR SUBSYSTEMS, (II) EXPERIMENTS, INSTRUMENTS, OR OTHER DEVICES WHICH MAY BE CARRIED AS PAYLOAD ON SPACECRAFTS IN MISSIONS MANAGED BY OTHERS, AND/OR (III) GROUND-BASED SYSTEMS. 6) BEYOND ITS PRIMARY MISSION, JPL MAY PERFORM WORK FOR OTHER NASA MISSION DIRECTORATES OR OFFICES. 7) JPL IS ALSO RESPONSIBLE FOR THE OPERATION, RESEARCH, TECHNOLOGY INSERTION, AND MANAGEMENT OF NASA S DEEP SPACE NETWORK TO PROVIDE TELECOMMUNICATION AND OPERATION SERVICES, INCLUDING DATA ACQUISITION AND DATA DELIVERY REQUIRED TO MEET ESTABLISHED AGENCY OBJECTIVES. 8) JPL IS ALSO REQUIRED TO MAINTAIN AND CONDUCT AN EDUCATION PROGRAM IN CLOSE COORDINATION WITH THE NASA HEADQUARTERS EDUCATION OFFICE, THE ACADEMIC COMMUNITY AT LARGE, AND IN SUPPORT TO NASA STRATEGIC OBJECTIVES TO IMPROVE STUDENT RETENTION IN THE SCIENCE, TECHNOLOGY, ENGINEERING, AND MATHEMATICS (STEM) DISCIPLINES. WORK FOR NON-NASA SPONSORS: JPL MAY PERFORM WORK FOR NON-NASA SPONSORS. THIS WORK WILL BE DESIGNATED IN TASK ORDERS ISSUED BY NMO CONTRACTING OFFICERS BASED ON TASK PLANS INITIATED BY THE CONTRACTOR.",2013-07-23,2018-10-28,862,national-aeronautics-and-space-administration,CONT_AWD_NNN13D494T_8000_NNN12AA01C_8000
291494111,75A50123F61001,ADVANCED TECHNOLOGY INTERNATIONAL,795000000.0,Department of Health and Human Services,Office of Assistant Secretary for Preparedness and Response,,OTA TASK ORDER 1,2023-09-28,2029-12-31,806,department-of-health-and-human-services,CONT_AWD_75A50123F61001_7505_75A50123D00005_7505
277630576,1333BJ21C00151002,REED TECHNOLOGY AND INFORMATION SERVICES LLC,794643763.86,Department of Commerce,U.S. Patent and Trademark Office,,PATENT DATA AND DOCUMENT MANAGEMENT (PD&DM),2021-06-15,2026-06-13,183,department-of-commerce,CONT_AWD_1333BJ21C00151002_1344_-NONE-_-NONE-
291817728,80NM0018F0710,CALIFORNIA INSTITUTE OF TECHNOLOGY,775059791.0,National Aeronautics and Space Administration,National Aeronautics and Space Administration,,NASA ISRO SYNTHETIC APERTURE RADAR (NISAR) MISSION 89-17620,2018-10-01,2028-09-30,862,national-aeronautics-and-space-administration,CONT_AWD_80NM0018F0710_8000_80NM0018D0004_8000
307207122,HQ000603C0003,GENERAL DYNAMICS INFORMATION TECHNOLOGY INC.,766015482.53,Department of Defense,Defense Contract Management Agency,,200301!000025!9700!ZD60  !MISSILE DEFENSE AGENCY          !HQ000603C0003  !A!N! !N!                   !20021021!20041017!043991108!043991108!009581091!N!COMPUTER SCIENCES CORPORATION !3160 FAIRVIEW PARK DRIVE  !FALLS CHURCH        !VA!22042!03000!013!51!ARLINGTON           !ARLINGTON             !VIRGINIA  !+000007000000!N!N!000272110374!AD93!RDTE/OTHER DEFENSE-ADV TECH DEV                   !S1 !SERVICES                      !4CAA!BALLISTIC MISSILE DEFENSE SYS !541330!E! !3! ! ! ! ! !99990909!B! ! !A! !D!U!U!1!001!N!1G!Z!Y!Z!  !  !N!C!N! ! ! !A!Z!A!A!000!A!C!N! ! ! !Y!    !      !0001! !,2002-10-21,2014-06-30,1173,department-of-defense,CONT_AWD_HQ000603C0003_9700_-NONE-_-NONE-
298582878,FA870214C0007,MASSACHUSETTS INSTITUTE OF TECHNOLOGY,765961791.06,Department of Defense,Department of the Air Force,,IGF::OT::IGF MIT-LL FY14 CONTINUATION CONTRACT,2014-01-15,2019-12-09,1173,department-of-defense,CONT_AWD_FA870214C0007_9700_-NONE-_-NONE-
311434188,NNN15R003T,CALIFORNIA INSTITUTE OF TECHNOLOGY,765458749.57,National Aeronautics and Space Administration,National Aeronautics and Space Administration,,"IGF::CL::IGF ISLAND THE CONTRACT IS THE SPONSORING AGREEMENT BETWEEN THE NATIONAL AERONAUTICS AND SPACE ADMINISTRATION (NASA) AND THE CALIFORNIA INSTITUTE OF TECHNOLOGY (CONTRACTOR), A PRIVATE NONPROFIT EDUCATIONAL INSTITUTION, WHICH ESTABLISHES THE RELATIONSHIP FOR THE OPERATION OF THE FEDERALLY FUNDED RESEARCH AND DEVELOPMENT CENTER (FFRDC) KNOWN AS THE JET PROPULSION LABORATORY. THE CONTRACTOR, JPL, IS REQUIRED TO PERFORM WORK THAT IS DESIGNATED IN TASK ORDERS ISSUED BY THE NASA MANAGEMENT OFFICE (NMO) CONTRACTING OFFICERS. NASA - SPONSORED WORK: JPL'S PRIMARY MISSION IS TO SUPPORT THE NASA SCIENCE MISSION DIRECTORATE (SMD) IN CARRYING OUT THE SPECIFIC OBJECTIVES IDENTIFIED IN THE SMD SCIENCE PLAN. THE FOUR BROAD SCIENTIFIC AREAS ARE: EARTH SCIENCE, PLANETARY SCIENCE, HELIOPHYSICS, AND ASTROPHYSICS. IN PERFORMANCE OF THIS CONTRACT, JPL SHALL: 1) SUPPLY A BROAD BASE OF SCIENTIFIC AND TECHNICAL CAPABILITIES RELEVANT TO NASA PROGRAM AND PROJECT RESPONSIBILITIES AND ASSIGNMENTS. 2) FOSTER ITS UNIQUE RELATIONSHIP WITH A TOP-TIER UNIVERSITY TO FACILITATE THE INVOLVEMENT OF SCIENTISTS, ENGINEERS, AND STUDENTS FROM THE UNIVERSITY AND RESEARCH COMMUNITIES IN NASA MISSION AND IN SUPPORTING OTHER GOVERNMENT AGENCIES. 3) SUPPORT NASA IN ENABLING PROGRAM AND INSTITUTIONAL CAPABILITIES. 4) DEVELOP SPACECRAFT AND INSTRUMENTS THAT ARE SENT TO VARIOUS DESTINATIONS WITH OUR SOLAR SYSTEM, INCLUDING EARTH ORBIT, PLANETS, PLANETARY SATELLITES, ASTEROIDS, AND COMETS. THESE MISSIONS MAY BE ORBITERS, LANDERS, OR ROVERS, AND TYPICALLY INCLUDE CUTTING-EDGE TECHNOLOGIES REQUIRED TO MEET SCIENTIFIC REQUIREMENTS. 5) PERFORM PROJECT TASKS INVOLVING: (I) AUTONOMOUS DEEP-SPACE, INNER-SPACE AND EARTH-ORBITING SPACECRAFT OR MAJOR SUBSYSTEMS, (II) EXPERIMENTS, INSTRUMENTS, OR OTHER DEVICES WHICH MAY BE CARRIED AS PAYLOAD ON SPACECRAFTS IN MISSIONS MANAGED BY OTHERS, AND/OR (III) GROUND-BASED SYSTEMS. 6) BEYOND ITS PRIMARY MISSION, JPL MAY PERFORM WORK FOR OTHER NASA MISSION DIRECTORATES OR OFFICES. 7) JPL IS ALSO RESPONSIBLE FOR THE OPERATION, RESEARCH, TECHNOLOGY INSERTION, AND MANAGEMENT OF NASA S DEEP SPACE NETWORK TO PROVIDE TELECOMMUNICATION AND OPERATION SERVICES, INCLUDING DATA ACQUISITION AND DATA DELIVERY REQUIRED TO MEET ESTABLISHED AGENCY OBJECTIVES. 8) JPL IS ALSO REQUIRED TO MAINTAIN AND CONDUCT AN EDUCATION PROGRAM IN CLOSE COORDINATION WITH THE NASA HEADQUARTERS EDUCATION OFFICE, THE ACADEMIC COMMUNITY AT LARGE, AND IN SUPPORT TO NASA STRATEGIC OBJECTIVES TO IMPROVE STUDENT RETENTION IN THE SCIENCE, TECHNOLOGY, ENGINEERING, AND MATHEMATICS (STEM) DISCIPLINES. WORK FOR NON-NASA SPONSORS: JPL MAY PERFORM WORK FOR NON-NASA SPONSORS. THIS WORK WILL BE DESIGNATED IN TASK ORDERS ISSUED BY NMO CONTRACTING OFFICERS BASED ON TASK PLANS INITIATED BY THE CONTRACTOR.",2014-10-17,2021-05-30,862,national-aeronautics-and-space-administration,CONT_AWD_NNN15R003T_8000_NNN12AA01C_8000
311360051,NNG07CA21C,"KBR WYLE SERVICES, LLC",728477896.88,National Aeronautics and Space Administration,National Aeronautics and Space Administration,,"THE PURPOSE OF THIS CONTRACT IS TO ACQUIRE ENGINEERING SERVICES AND RELATED SERVICES TO MSD AND RELATED ORGANIZATIONS THROUGHOUT GSFC, AS REQUIRED, FOR THE FORMULATION, DESIGN, DEVELOPMENT, FABRICATION, INTEGRATION, TESTING, VERIFICATION, AND OPERATIONS OF SPACE FLIGHT AND GROUND SYSTEM HARDWARE AND SOFTWARE, INCLUDING DEVELOPMENT AND VALIDATION OF NEW TECHNOLOGIES TO ENABLE FUTURE SPACE AND SCIENCE MISSIONS.  THE ENGINEERING AREAS OF EMPHASIS ARE MULTIDISCIPLINARY WITH CONCENTRATION IN THE MECHANICAL ENGINEERING AREAS OF MATERIALS, STRUCTURAL ANALYSIS AND LOADS, MECHANICAL DESIGN, ELECTROMECHANICAL DESIGN, THERMAL, CONTAMINATION AND COATINGS, MANUFACTURING AND INTEGRATION AND TEST.",2007-05-15,2012-05-14,862,national-aeronautics-and-space-administration,CONT_AWD_NNG07CA21C_8000_-NONE-_-NONE-
347650773,VA11817F10070007,BOOZ ALLEN HAMILTON INC,724839422.94,Department of Veterans Affairs,Department of Veterans Affairs,,IGF::OT::IGF  TRANSFORMATION TWENTY-ONE TOTAL TECHNOLOGY NEXT GENERATION (T4NG) TASK ORDER FOR ELECTRONIC HEALTH RECORD MODERNIZATION PROGRAM MANAGEMENT OFFICE SUPPORT.,2017-09-28,2023-01-15,561,department-of-veterans-affairs,CONT_AWD_VA11817F10070007_3600_VA11816D1007_3600
298582866,FA870213C0007,MASSACHUSETTS INSTITUTE OF TECHNOLOGY,724562749.92,Department of Defense,Department of the Air Force,,MIT-LL FY13 CONTINUATION CONTRACT,2012-12-18,2020-03-31,1173,department-of-defense,CONT_AWD_FA870213C0007_9700_-NONE-_-NONE-
291494119,75A50123F61003,ADVANCED TECHNOLOGY INTERNATIONAL,723524000.0,Department of Health and Human Services,Office of Assistant Secretary for Preparedness and Response,,OT TASK ORDER 3,2023-09-29,2030-12-31,806,department-of-health-and-human-services,CONT_AWD_75A50123F61003_7505_75A50123D00005_7505
272780801,0008,BAE SYSTEMS TECHNOLOGY SOLUTIONS & SERVICES INC.,721120996.53,Department of Defense,Defense Contract Management Agency,,,2004-09-01,2016-09-30,1173,department-of-defense,CONT_AWD_0008_9700_N0002401D7014_9700
298553466,FA861104C2852,RTX CORPORATION,717483026.17,Department of Defense,Department of the Air Force,,"200405!000027!5700!GU75  !ASC/YFK                         !FA861104C2852  !A!N! !N!             !      !20040204!20061231!001447952!835551474!001344142!N!UNITED TECHNOLOGIES CORP      !400 MAIN STREET           !EAST HARTFORD       !CT!06108!22700!003!09!EAST HARTFORD       !HARTFORD              !CONN      !+000000648521!N!N!000000648521!2840!GAS TURBINES AND JET ENGINES, ACFT&COMPS        !A1C!OTHER AIRCRAFT EQUIPMENT            !265 !F-22                          !921110!E! !3! ! ! ! ! !99990909!B! ! !A! !D!U!J!1!001!N!1G!Z!N!A! !  !N!C!N! ! ! !A!A!A!A!000!A!C!N! ! ! !Y!    !      !0001! !",2004-02-04,2009-11-30,1173,department-of-defense,CONT_AWD_FA861104C2852_9700_-NONE-_-NONE-
297664768,F0470195C0029,LOCKHEED MARTIN TACTICAL SYSTEMS COMPANY,715084220.63,Department of Defense,Defense Contract Management Agency,,199706!5700!0018!GZ80 !SMC/PKS                         !F0470195C0029  !A!*!P00016             !19970204!20051114!616176731!834951691!834951691!N!0C186!LOCKHEED MARTIN TACTICAL SYSTE!1210 MASSILLON RD         !AKRON               !OH!44315!01000!153!39!AKRON               !SUMMIT                !OHIO      !0001!+000001310196!N!N!000000000000!AC25!RDTE/MISSILE AND SPACE SYSTEMS-ENG/MANUF DEVEL    !A2 !MISSILE AND SPACE SYSTEMS     !3000!NOT DISCERNABLE OR CLASSIFIED !8731!3!*!*!C!B!A!*!A !N!R!2!002!B!* !Z!N!Z!* !* !N!C!*!A!A!A!A!A!*!*  !*!N!A!C!N!*!*!*!*!*!,1997-02-04,2014-08-01,1173,department-of-defense,CONT_AWD_F0470195C0029_9700_-NONE-_-NONE-
311429574,NNM12AA41C,"AMENTUM TECHNOLOGY, INC.",712900239.54,National Aeronautics and Space Administration,National Aeronautics and Space Administration,,"IGF::CL,CT::IGF ENGINEERING AND SCIENCE SERVICES AND SKILLS AUGMENTATION (ESSSA)",2012-08-01,2017-11-30,862,national-aeronautics-and-space-administration,CONT_AWD_NNM12AA41C_8000_-NONE-_-NONE-
281086550,47QFRA19F0011,"CACI, INC. - FEDERAL",708253079.87,General Services Administration,Federal Acquisition Service,,DYNAMIC AND EVOLVING FEDERAL ENTERPRISE NETWORK DEFENSE GROUP A DEFEND A  OPTION EXERCISE AND TRANSFER FROM PIID 47QFCA18F0050,2019-05-08,2024-04-30,614,general-services-administration,CONT_AWD_47QFRA19F0011_4732_GS00Q09BGD0020_4735
310691053,N6133904F1001,"GENERAL DYNAMICS INFORMATION TECHNOLOGY, INC.",707932611.0,Department of Defense,Department of the Navy,,"200411!000222!1700!A8304 !NAVAL AIR WARFARE CENTER TRAININ!GS09K99BHD0001 !C!N! !Y!N6133904F1001!P00003!20040804!20040804!067641597!067641597!099312725!N!ANTEON CORPORATION            !3211 JERMANTOWN RD, STE 70!FAIRFAX             !VA!22030!26496!600!51!FAIRFAX             !FAIRFAX (CITY)        !VIRGINIA  !+000001178706!N!N!000000000000!J069!MAINT & REPAIR OF EQ/TRAINING AIDS & DEVICES      !S1 !SERVICES                            !000 !*                             !541519!E! !5!B!S!C! ! !99990909!B! ! !N!Z!A! !J! !005!B!  !C! ! ! !  ! !C!N! ! ! !Z!Z!A!A!000! !B!N! ! ! ! !    !      !0001! !",2004-07-15,2008-04-30,1173,department-of-defense,CONT_AWD_N6133904F1001_9700_GS09K99BHD0001_4735
307798403,HSHQDC08J00169,"GENERAL DYNAMICS INFORMATION TECHNOLOGY, INC.",707012341.64,Department of Homeland Security,Office of Procurement Operations,,STENNIS DATA CENTER MANAGED SERVICES,2008-07-01,2015-12-31,766,department-of-homeland-security,CONT_AWD_HSHQDC08J00169_7001_HSHQDC06D00021_7001
272390453,0003,GENERAL DYNAMICS INFORMATION TECHNOLOGY INC.,703070156.17,Department of Defense,Department of the Army,,SERVICES  TAS::21 2020::TAS,2006-09-08,2013-06-30,1173,department-of-defense,CONT_AWD_0003_9700_W15P7T06DE404_9700
309504272,N0002409C6247,LOCKHEED MARTIN CORPORATION,693325212.9,Department of Defense,Department of the Navy,,"PROCUREMENT OF ENGINEERING SERVICES AND SUPPORT OF THE AN/BVY-1 INTEGRATED SUBMARINE IMAGING SYSTEM (ISIS) AND FOR THE PRODUCTION OF TEN (10) AN/BVY-1(V)1 INTEGRATED CONTROL AND DISPLAY (IC&D) CABINETS. SERVICES WILL INCLUDE DESIGN, DEVELOPMENT, TESTING, REVERSE ENGINEERING, TECHNOLOGY INSERTION/ REFRESHMENT, ENGINEERING SERVICES, FIELD ENGINEERING SERVICES, AND SYSTEM SUPPORT.",2009-07-17,2024-03-09,1173,department-of-defense,CONT_AWD_N0002409C6247_9700_-NONE-_-NONE-
311434807,NNS07AB21C,"AMENTUM TECHNOLOGY, INC.",679861532.5,National Aeronautics and Space Administration,National Aeronautics and Space Administration,,"FACILITY OPERATING SERVICES AT THE JOHN C. STENNIS SPACE CENTER, INCLUDING BUILDING AND GROUNDS MAINTENANCE, MEDICAL CLINIC, CAFETERIA, ENGINEERING SERVICES, PROCUREMENT SERVICES, GRAPHICS SERVICES, ET AL.",2007-07-17,2016-07-31,862,national-aeronautics-and-space-administration,CONT_AWD_NNS07AB21C_8000_-NONE-_-NONE-
281084391,47QFMA19F0013,"CACI, INC. - FEDERAL",674944916.8,General Services Administration,Federal Acquisition Service,,COMMUNICATION AND INFORMATION TECHNOLOGY SERVICES III,2019-06-01,2024-05-31,614,general-services-administration,CONT_AWD_47QFMA19F0013_4732_47QTCK18D0009_4732
291806920,80GSFC18C0120,"SCIENCE SYSTEMS AND APPLICATIONS, INC.",670397278.46,National Aeronautics and Space Administration,National Aeronautics and Space Administration,,"ELECTRICAL ENGINEERING SYSTEMS SERVICES THE PRINCIPAL PURPOSE OF THIS CONTRACT IS TO PROVIDE ELECTRICAL/ELECTRONIC ENGINEERING SUPPORT SERVICES AND RELATED WORK TO EED, ISTD, SED, MESA, RELATED ORGANIZATIONS AND OTHER NASA CENTERS AND LOCATIONS SPECIFIED IN TASK ORDERS, FOR THE STUDY, DESIGN, DEVELOPMENT, FABRICATION, INTEGRATION, TESTING, VERIFICATION, AND OPERATIONS OF SPACE FLIGHT, AIRBORNE, AND GROUND SYSTEM HARDWARE AND SOFTWARE, INCLUDING DEVELOPMENT AND VALIDATION OF NEW TECHNOLOGIES TO ENABLE FUTURE SPACE AND SCIENCE MISSIONS.",2018-11-01,2025-05-08,862,national-aeronautics-and-space-administration,CONT_AWD_80GSFC18C0120_8000_-NONE-_-NONE-
309286532,M6700499C0002,"KBR WYLE SERVICES, LLC",670104844.78,Department of Defense,Department of the Navy,,200106!000121!1700!F7004 !MARINE CORPS LOGISTICS BASE     !M6700499C0002  !A!N!*!N!P00015             !20010228!20080930!041014242!041014242!139691877!N!HONEYWELL TECHNOLOGY SOLUTIONS!7000 COLUMBIA GATEWAY DRIV!COLUMBIA            !MD!21046!35000!031!12!JACKSONVILLE        !DUVAL                 !FLORIDA   !+000004292865!N!N!000000000000!J049!MAINT & REPAIR OF EQ/MAINTENANCE & REPAIR SHOP EQ !A4A!COMBAT VEHICLES               !2000!NOT DISCERNABLE OR CLASSIFIED !811310!*!*!3! ! !C!*!*!*!B!*!*!A! !A !N!J!2!006!B!  !C!Y!Z!  !  !N!C!N! ! ! !A!A!A!A!000!A!D!N! ! ! ! !    !      !0001!,1999-03-10,2009-07-13,1173,department-of-defense,CONT_AWD_M6700499C0002_9700_-NONE-_-NONE-
297765789,F3365702C2006,RTX CORPORATION,667396305.86,Department of Defense,Department of the Air Force,,200204!000014!5700!GU75  !ASC/YFK                         !F3365702C2006  !A!N! !N!                   !20011220!20021231!001447952!001447952!001344142!N!UNITED TECHNOLOGIES CORP      !400 MAIN STREET           !EAST HARTFORD       !CT!06108!76600!099!12!WEST PALM BEACH     !PALM BEACH            !FLORIDA   !+000000073000!N!N!000000073000!AC14!RDTE/AIRCRAFT-DEMO/VALID                          !A1B!AIRCRAFT ENGINES AND SPARES   !3AFB!F-22 RAPTOR                   !921110!E! !1! ! ! ! ! !99990909!B! ! !A! !D!U!J!1!001!N!1A!Z!N!Z!  !  !N!C!N! ! ! !A!A!A!A!000!A!A!N! ! ! ! !    !      !0001!,2001-12-20,2010-03-31,1173,department-of-defense,CONT_AWD_F3365702C2006_9700_-NONE-_-NONE-
274752748,0142,"GENERAL DYNAMICS INFORMATION TECHNOLOGY, INC.",665344887.94,Department of Defense,Department of the Army,,FUNDING CORE   BASE PERIOD  IGF::OT::IGF,2012-02-25,2022-06-08,1173,department-of-defense,CONT_AWD_0142_9700_DAAB0700DE252_9700
297029565,DTFA0101CA0065CALL0001,"LEIDOS, INC.",664944604.17,Department of Transportation,Federal Aviation Administration,,ADVANCED TECHNOLOGIES AND OCEANIC PROCEDURES (ATOP),2001-06-18,2033-07-31,731,department-of-transportation,CONT_AWD_DTFA0101CA0065CALL0001_6920_DTFA0101CA0065_6920
311313093,NMO710962,CALIFORNIA INSTITUTE OF TECHNOLOGY,651588744.53,National Aeronautics and Space Administration,National Aeronautics and Space Administration,,JUNO PHASE B - MSFC,2005-11-23,2011-09-25,862,national-aeronautics-and-space-administration,CONT_AWD_NMO710962_8000_NAS703001_8000
298582882,FA870216C0007,MASSACHUSETTS INSTITUTE OF TECHNOLOGY,633593104.25,Department of Defense,Department of the Air Force,,IGF::OT::IGF MIT-LL FY16 CONTINUATION CONTRACT,2015-10-19,2015-10-19,1173,department-of-defense,CONT_AWD_FA870216C0007_9700_-NONE-_-NONE-
298584565,FA872111C0007,MASSACHUSETTS INSTITUTE OF TECHNOLOGY,626742700.43,Department of Defense,Department of the Air Force,,MIT/LL CONTINUATION CONTRACT,2011-04-07,2018-03-31,1173,department-of-defense,CONT_AWD_FA872111C0007_9700_-NONE-_-NONE-
279968360,36C10B19N10080030,INTERNATIONAL BUSINESS MACHINES CORPORATION,621721697.68,Department of Veterans Affairs,Department of Veterans Affairs,,"THIS REQUIREMENT IS FOR THE CREATION, MAINTENANCE, ENFORCEMENT, ANALYSIS AND UPDATES OF THE STANDARDS AND GOVERNANCE ESTABLISHED BY THE CURRENT DTC AND PROVIDE TECHNICAL AND OPERATIONAL SUPPORT TO THE DTC FOR SAAS, PAAS, AND EMERGING TECHNOLOGIES.",2019-09-26,2025-01-25,561,department-of-veterans-affairs,CONT_AWD_36C10B19N10080030_3600_VA11816D1008_3600
307253038,HQ079618F8003,"AMENTUM TECHNOLOGY, INC.",616989217.89,Department of Defense,Missile Defense Agency,,"IGF::OT::IGF  THIS TASK ORDER WILL PROVIDE THE MDA WITH ENTERPRISE (AGENCY-WIDE) IT CAPABILITIES 1) SUPPORTING BALLISTIC MISSILE DEFENSE SYSTEM (BMDS) RESEARCH, DEVELOPMENT, TEST, AND EVALUATION (RDT&E) REQUIREMENTS, 2) PROVIDING MDA ADMINISTRATIVE AND BUSINESS REQUIREMENTS, AND 3) ENABLING BMDS MISSION SUPPORT TASKS FOR DEPLOYED SYSTEMS.",2018-03-05,2024-03-08,1173,department-of-defense,CONT_AWD_HQ079618F8003_9700_HQ079617D0001_9700
297766000,F3365703C2011,RTX CORPORATION,611794117.71,Department of Defense,Department of the Air Force,,"200304!000028!5700!GU75 !ASC/YFK !F3365703C2011 !A!N! !N! !20021224!20051230!001447952!835551474!001344142!N!UNITED TECHNOLOGIES CORP !400 MAIN STREET !EAST HARTFORD !CT!06108!22700!003!09!EAST HARTFORD !HARTFORD !CONN !+000005200000!N!N!000005200000!2840!GAS TURBINES AND JET ENGINES, ACFT & COMPS !A1B!AIRCRAFT ENGINES AND SPARES !3AFB!F-22 RAPTOR !921110!E! !3! ! ! ! ! !99990909!B! ! !A! !D!U!J!1!001!N!1G!Z!N!A! ! !N!C!N! ! ! !A!A!A!A!000!A!C!N! ! ! !Y! ! !0001! !",2002-12-24,2011-03-31,1173,department-of-defense,CONT_AWD_F3365703C2011_9700_-NONE-_-NONE-
311371128,NNG12CR31C,"KBR WYLE SERVICES, LLC",607384964.24,National Aeronautics and Space Administration,National Aeronautics and Space Administration,,"IGF::OT::IGF OTHER FUNCTIONS  THIS IS A NEW PROCUREMENT REQUIREMENT.  THE NAME OF THIS PROCUREMENT IS THE OMNIBUS MULTIDISCIPLINE ENGINEERING SERVICES (OMES).  THE PRINCIPAL PURPOSE OF THIS CONTRACT IS TO PROVIDE MULTIDISCIPLINE ENGINEERING SUPPORT SERVICES AND RELATED WORK TO EED, ISTD, SED, MSD, MESA, JPSS, AND RELATED ORGANIZATIONS, AS REQUIRED, FOR THE STUDY, DESIGN, SYSTEMS ENGINEERING, DEVELOPMENT, FABRICATION, INTEGRATION, TESTING, VERIFICATION, AND OPERATIONS OF SPACE FLIGHT, AIRBORNE, AND GROUND SYSTEM HARDWARE AND SOFTWARE, INCLUDING DEVELOPMENT AND VALIDATION OF NEW TECHNOLOGIES TO ENABLE FUTURE SPACE AND SCIENCE MISSIONS.TO THIS END, THE CONTRACTOR SHALL PROVIDE ON/OFF-SITE MULTIDISCIPLINE ENGINEERING SERVICES, PURSUANT TO TASK ASSIGNMENTS ISSUED BY THE CONTRACTING OFFICER.  THESE SERVICES SHALL INCLUDE THE PERSONNEL, FACILITIES, AND MATERIALS (UNLESS OTHERWISE PROVIDED BY THE GOVERNMENT) TO ACCOMPLISH THE TASKS.  TASK ASSIGNMENTS WILL BE ISSUED TO PERFORM SERVICES IN THE FOLLOWING AREAS FOR COMPONENTS, SUBSYSTEMS, SYSTEMS, SCIENCE INSTRUMENTS, AND SPACECRAFT, SUBORBITALCRAFT (E.G., AIRCRAFT, SOUNDING ROCKETS, UAVS, BALLOONS), INCLUDING ATTACHED SHUTTLE PAYLOADS, FREE-FLYING SPACECRAFT, SUBORBITALCRAFT PAYLOADS, AND SPACE STATION PAYLOADS AS WELL AS GROUND SUPPORT EQUIPMENT, SIMULATORS, NON-FLIGHT MODELS, AND PROTOTYPES; CANDIDATE, FEASIBILITY, AND SYSTEMS DEFINITION STUDIES; PROJECT MANAGEMENT; SYSTEMS ENGINEERING; ANALYSIS; PRELIMINARY DESIGN; DETAILED DESIGN; FABRICATION; ASSEMBLY; INTEGRATION; TEST AND VERIFICATION; TEST INSTRUMENTATION; DATA SYSTEMS MANAGEMENT; LAUNCH AND POST-LAUNCH OPERATIONS; RESEARCH AND TECHNOLOGY UNIQUE TO SYSTEM DEVELOPMENT; PARTS AND MATERIALS; DOCUMENTATION; MAINTENANCE; SUSTAINING ENGINEERING; CONFIGURATION MANAGEMENT; PERFORMANCE ASSURANCE; SYSTEMS SAFETY; AND CONTAMINATION CONTROL.",2012-06-01,2018-06-30,862,national-aeronautics-and-space-administration,CONT_AWD_NNG12CR31C_8000_-NONE-_-NONE-
306506452,HC108421F0175,WORLD WIDE TECHNOLOGY LLC,606480438.36,Department of Defense,Defense Information Systems Agency,,EA BUNDLE,2021-06-29,2026-04-23,1173,department-of-defense,CONT_AWD_HC108421F0175_9700_NNG15SC55B_8000
281082321,47QFCA22F0039,HII MISSION TECHNOLOGIES CORP,602484231.83,General Services Administration,Federal Acquisition Service,,THE PURPOSE OF THIS TO IS TO PROVIDE TECHNOLOGY INTEGRATED SERVICES TO NSIN AND ITS MISSION PARTNERS FOR THE PURPOSE OF COUNTERING AND DETERRING CURRENT AND EMERGING GLOBAL THREATS.,2022-07-25,2026-07-24,614,general-services-administration,CONT_AWD_47QFCA22F0039_4732_GS00Q14OADU109_4732
349039934,W56HZV11CC002,GENERAL DYNAMICS LAND SYSTEMS INC.,602335158.0,Department of Defense,Department of the Army,,TECHNOLOGY DEVELOPMENT PHASE OF THE GROUND COMBAT VEHICLE.,2011-08-18,2014-06-04,1173,department-of-defense,CONT_AWD_W56HZV11CC002_9700_-NONE-_-NONE-
291183257,70B04C20F00001359,SCIENCE APPLICATIONS INTERNATIONAL CORPORATION,596474053.88,Department of Homeland Security,U.S. Customs and Border Protection,,"U.S. CUSTOMS AND BORDER PROTECTION (CBP) OFFICE OF INFORMATION TECHNOLOGY, (OIT) TARGETING AND ANALYSIS SYSTEMS PROGRAM DIRECTORATE (TASPD)'S OPERATIONS AND MAINTENANCE (O&M), UPGRADES, UPDATES, MODIFICATIONS AND ENHANCEMENTS CONTRACT",2021-09-15,2026-09-14,766,department-of-homeland-security,CONT_AWD_70B04C20F00001359_7014_47QTCK18D0001_4732
281084454,47QFMA21F0003,"GENERAL DYNAMICS INFORMATION TECHNOLOGY, INC.",583600327.66,General Services Administration,Federal Acquisition Service,,ENTERPRISE MISSION INFORMATION TECHNOLOGY SERVICES (EMITS),2020-11-01,2026-01-31,614,general-services-administration,CONT_AWD_47QFMA21F0003_4732_47QTCK18D0003_4732
307761267,HSFEHQ08J2009,INTERNATIONAL BUSINESS MACHINES CORPORATION,580450063.61,Department of Homeland Security,Federal Emergency Management Agency,,EADIS SOFTWARE DEVELOPMENT,2008-09-05,2017-12-14,766,department-of-homeland-security,CONT_AWD_HSFEHQ08J2009_7022_HSHQDC06D00019_7001
291922120,8402,NORTHROP GRUMMAN SYSTEMS CORPORATION,579217436.05,Department of Defense,Missile Defense Agency,,"IGF::OT::IGF  MDA INFORMATION TECHNOLOGY (IT) SERVICES PROVIDES DESIGN, IMPLEMENTATION AND MAINTENANCE SERVICES FOR MDAS CLASSIFIED AND UNCLASSIFIED WORKSTATIONS AND NETWORK INFRASTRUCTURE.  IN ADDITION, IT SERVICES PROVIDES COMPUTER NETWORK DEFENSE, INFORMATION ASSURANCE, SERVICE DESK, PORTAL SERVICES AND BUSINESS AUTOMATION TOOLS AND IT IMPLEMENTATION SERVICES FOR MDA 2LTR DISCRETE PROJECT REQUESTS.",2014-06-30,2018-05-04,1173,department-of-defense,CONT_AWD_8402_9700_H9500110D0001_9700
